[
  {
    "product_name": "Axis 10.000",
    "category": "Pulsa",
    "brand": "AXIS",
    "type": "Umum",
    "seller_name": "BC***",
    "price": 10814,
    "buyer_sku_code": "ax10",
    "buyer_product_status": true,
    "seller_product_status": true,
    "unlimited_stock": true,
    "stock": 0,
    "multi": true,
    "start_cut_off": "23:30",
    "end_cut_off": "0:15",
    "desc": "Reguler"
  },
  {
    "product_name": "Axis 5.000",
    "category": "Pulsa",
    "brand": "AXIS",
    "type": "Umum",
    "seller_name": "BC***",
    "price": 5834,
    "buyer_sku_code": "ax5",
    "buyer_product_status": true,
    "seller_product_status": true,
    "unlimited_stock": true,
    "stock": 0,
    "multi": true,
    "start_cut_off": "23:30",
    "end_cut_off": "0:15",
    "desc": "Reguler"
  },
  {
    "product_name": "Axis Data Jawa 2.5 GB 5 Hari",
    "category": "Data",
    "brand": "AXIS",
    "type": "Jawa Bali Nusra",
    "seller_name": "BC***",
    "price": 11750,
    "buyer_sku_code": "axdj1",
    "buyer_product_status": true,
    "seller_product_status": true,
    "unlimited_stock": true,
    "stock": 0,
    "multi": true,
    "start_cut_off": "23:30",
    "end_cut_off": "0:15",
    "desc": "AIGO Mini 2.5GB + Lokal Jawa Bali Nusra 5hr"
  },
  {
    "product_name": "Aktivasi Perdana Axis 3 GB 60 Hari (SP5K SP7K)",
    "category": "Aktivasi Perdana",
    "brand": "AXIS",
    "type": "sp5k sp7k",
    "seller_name": "BC***",
    "price": 9580,
    "buyer_sku_code": "axp3g60d",
    "buyer_product_status": true,
    "seller_product_status": true,
    "unlimited_stock": true,
    "stock": 0,
    "multi": true,
    "start_cut_off": "23:30",
    "end_cut_off": "0:15",
    "desc": "Perdana Bronet 3GB + Kuota di Kota-mu 60hr"
  },
  {
    "product_name": "Axis Pulsa Transfer 10.000",
    "category": "Pulsa",
    "brand": "AXIS",
    "type": "Pulsa Transfer",
    "seller_name": "Om***",
    "price": 10433,
    "buyer_sku_code": "axt10",
    "buyer_product_status": true,
    "seller_product_status": true,
    "unlimited_stock": true,
    "stock": 0,
    "multi": true,
    "start_cut_off": "23:45",
    "end_cut_off": "0:15",
    "desc": "-"
  },
  {
    "product_name": "by.U 10.000",
    "category": "Pulsa",
    "brand": "by.U",
    "type": "Umum",
    "seller_name": "BC***",
    "price": 10168,
    "buyer_sku_code": "byu10",
    "buyer_product_status": true,
    "seller_product_status": true,
    "unlimited_stock": true,
    "stock": 0,
    "multi": true,
    "start_cut_off": "23:30",
    "end_cut_off": "0:15",
    "desc": "Reguler"
  },
  {
    "product_name": "DANA 20.000",
    "category": "E-Money",
    "brand": "DANA",
    "type": "Umum",
    "seller_name": "BC***",
    "price": 20135,
    "buyer_sku_code": "dana20",
    "buyer_product_status": true,
    "seller_product_status": true,
    "unlimited_stock": true,
    "stock": 0,
    "multi": true,
    "start_cut_off": "23:30",
    "end_cut_off": "0:15",
    "desc": "-"
  },
  {
    "product_name": "DANA 50.000",
    "category": "E-Money",
    "brand": "DANA",
    "type": "Umum",
    "seller_name": "BC***",
    "price": 50150,
    "buyer_sku_code": "dana50",
    "buyer_product_status": true,
    "seller_product_status": true,
    "unlimited_stock": true,
    "stock": 0,
    "multi": true,
    "start_cut_off": "23:30",
    "end_cut_off": "0:15",
    "desc": "-"
  },
  {
    "product_name": "Cek Nama Pengguna DANA",
    "category": "E-Money",
    "brand": "DANA",
    "type": "Umum",
    "seller_name": "Om***",
    "price": 5,
    "buyer_sku_code": "danacek",
    "buyer_product_status": true,
    "seller_product_status": true,
    "unlimited_stock": true,
    "stock": 0,
    "multi": true,
    "start_cut_off": "23:45",
    "end_cut_off": "0:15",
    "desc": "-"
  },
  {
    "product_name": "Free Fire 12 Diamond",
    "category": "Games",
    "brand": "FREE FIRE",
    "type": "Umum",
    "seller_name": "BC***",
    "price": 1915,
    "buyer_sku_code": "ff12",
    "buyer_product_status": true,
    "seller_product_status": true,
    "unlimited_stock": true,
    "stock": 0,
    "multi": true,
    "start_cut_off": "23:30",
    "end_cut_off": "0:15",
    "desc": "Free Fire 12 Diamond"
  },
  {
    "product_name": "Free Fire 140 Diamond",
    "category": "Games",
    "brand": "FREE FIRE",
    "type": "Umum",
    "seller_name": "BC***",
    "price": 18395,
    "buyer_sku_code": "ff140",
    "buyer_product_status": true,
    "seller_product_status": true,
    "unlimited_stock": true,
    "stock": 0,
    "multi": true,
    "start_cut_off": "23:30",
    "end_cut_off": "0:15",
    "desc": "Free Fire 140 Diamond"
  },
  {
    "product_name": "Free Fire 355 Diamond",
    "category": "Games",
    "brand": "FREE FIRE",
    "type": "Umum",
    "seller_name": "BC***",
    "price": 45775,
    "buyer_sku_code": "ff355",
    "buyer_product_status": true,
    "seller_product_status": true,
    "unlimited_stock": true,
    "stock": 0,
    "multi": true,
    "start_cut_off": "23:30",
    "end_cut_off": "0:15",
    "desc": "Free Fire 355 Diamond"
  },
  {
    "product_name": "Free Fire 50 Diamond",
    "category": "Games",
    "brand": "FREE FIRE",
    "type": "Umum",
    "seller_name": "BC***",
    "price": 7417,
    "buyer_sku_code": "ff50",
    "buyer_product_status": true,
    "seller_product_status": true,
    "unlimited_stock": true,
    "stock": 0,
    "multi": true,
    "start_cut_off": "23:30",
    "end_cut_off": "0:15",
    "desc": "Free Fire 50 Diamond"
  },
  {
    "product_name": "Free Fire 70 Diamond",
    "category": "Games",
    "brand": "FREE FIRE",
    "type": "Umum",
    "seller_name": "BC***",
    "price": 9245,
    "buyer_sku_code": "ff70",
    "buyer_product_status": true,
    "seller_product_status": true,
    "unlimited_stock": true,
    "stock": 0,
    "multi": true,
    "start_cut_off": "23:30",
    "end_cut_off": "0:15",
    "desc": "Free Fire 70 Diamond"
  },
  {
    "product_name": "Go Pay 100.000",
    "category": "E-Money",
    "brand": "GO PAY",
    "type": "Customer",
    "seller_name": "BC***",
    "price": 100265,
    "buyer_sku_code": "go100",
    "buyer_product_status": true,
    "seller_product_status": true,
    "unlimited_stock": true,
    "stock": 0,
    "multi": true,
    "start_cut_off": "23:30",
    "end_cut_off": "0:15",
    "desc": "Masukan no HP"
  },
  {
    "product_name": "Go Pay 50.000",
    "category": "E-Money",
    "brand": "GO PAY",
    "type": "Customer",
    "seller_name": "BC***",
    "price": 50265,
    "buyer_sku_code": "go50",
    "buyer_product_status": true,
    "seller_product_status": true,
    "unlimited_stock": true,
    "stock": 0,
    "multi": true,
    "start_cut_off": "23:30",
    "end_cut_off": "0:15",
    "desc": "Masukan no HP"
  },
  {
    "product_name": "Cek Nama Pengguna Gopay",
    "category": "E-Money",
    "brand": "GO PAY",
    "type": "Umum",
    "seller_name": "Om***",
    "price": 5,
    "buyer_sku_code": "gopaycek",
    "buyer_product_status": true,
    "seller_product_status": true,
    "unlimited_stock": true,
    "stock": 0,
    "multi": true,
    "start_cut_off": "23:45",
    "end_cut_off": "0:15",
    "desc": "-"
  },
  {
    "product_name": "Aktivasi Voucher XL XTRA HotRod Special 3 GB 10 Hari",
    "category": "Aktivasi Voucher",
    "brand": "XL",
    "type": "Hotrod Special",
    "seller_name": "CV***",
    "price": 13310,
    "buyer_sku_code": "hotrod3g10d",
    "buyer_product_status": true,
    "seller_product_status": true,
    "unlimited_stock": true,
    "stock": 0,
    "multi": true,
    "start_cut_off": "23:40",
    "end_cut_off": "0:15",
    "desc": "Aktivasi Voucher Xtra Hotrod Special 3GB,10hr"
  },
  {
    "product_name": "Indosat 10.000",
    "category": "Pulsa",
    "brand": "INDOSAT",
    "type": "Umum",
    "seller_name": "BC***",
    "price": 10795,
    "buyer_sku_code": "i10",
    "buyer_product_status": true,
    "seller_product_status": true,
    "unlimited_stock": true,
    "stock": 0,
    "multi": true,
    "start_cut_off": "23:30",
    "end_cut_off": "0:15",
    "desc": "Reguler"
  },
  {
    "product_name": "Indosat 20.000",
    "category": "Pulsa",
    "brand": "INDOSAT",
    "type": "Umum",
    "seller_name": "BC***",
    "price": 19895,
    "buyer_sku_code": "i20",
    "buyer_product_status": true,
    "seller_product_status": true,
    "unlimited_stock": true,
    "stock": 0,
    "multi": true,
    "start_cut_off": "23:30",
    "end_cut_off": "0:15",
    "desc": "Reguler"
  },
  {
    "product_name": "Indosat 25.000",
    "category": "Pulsa",
    "brand": "INDOSAT",
    "type": "Umum",
    "seller_name": "Lu***",
    "price": 24986,
    "buyer_sku_code": "i25",
    "buyer_product_status": true,
    "seller_product_status": true,
    "unlimited_stock": true,
    "stock": 0,
    "multi": true,
    "start_cut_off": "0:0",
    "end_cut_off": "0:0",
    "desc": "Reguler"
  },
  {
    "product_name": "Indosat 30.000",
    "category": "Pulsa",
    "brand": "INDOSAT",
    "type": "Umum",
    "seller_name": "BC***",
    "price": 29710,
    "buyer_sku_code": "i30",
    "buyer_product_status": true,
    "seller_product_status": true,
    "unlimited_stock": true,
    "stock": 0,
    "multi": true,
    "start_cut_off": "23:30",
    "end_cut_off": "0:15",
    "desc": "Reguler"
  },
  {
    "product_name": "Indosat 5.000",
    "category": "Pulsa",
    "brand": "INDOSAT",
    "type": "Umum",
    "seller_name": "BC***",
    "price": 5795,
    "buyer_sku_code": "i5",
    "buyer_product_status": true,
    "seller_product_status": true,
    "unlimited_stock": true,
    "stock": 0,
    "multi": true,
    "start_cut_off": "23:30",
    "end_cut_off": "0:15",
    "desc": "Reguler"
  },
  {
    "product_name": "Indosat 50.000",
    "category": "Pulsa",
    "brand": "INDOSAT",
    "type": "Umum",
    "seller_name": "BC***",
    "price": 49215,
    "buyer_sku_code": "i50",
    "buyer_product_status": true,
    "seller_product_status": true,
    "unlimited_stock": true,
    "stock": 0,
    "multi": true,
    "start_cut_off": "23:30",
    "end_cut_off": "0:15",
    "desc": "Reguler"
  },
  {
    "product_name": "Indosat Tambah Masa Aktif Kartu 90 Hari",
    "category": "Masa Aktif",
    "brand": "INDOSAT",
    "type": "Umum",
    "seller_name": "PT***",
    "price": 13510,
    "buyer_sku_code": "iactive90",
    "buyer_product_status": true,
    "seller_product_status": false,
    "unlimited_stock": true,
    "stock": 0,
    "multi": true,
    "start_cut_off": "0:0",
    "end_cut_off": "0:0",
    "desc": "-"
  },
  {
    "product_name": "Indosat Freedom Internet 2.5 GB 5 Hari",
    "category": "Data",
    "brand": "INDOSAT",
    "type": "Freedom Internet",
    "seller_name": "BC***",
    "price": 13870,
    "buyer_sku_code": "if2",
    "buyer_product_status": true,
    "seller_product_status": true,
    "unlimited_stock": true,
    "stock": 0,
    "multi": true,
    "start_cut_off": "23:30",
    "end_cut_off": "0:15",
    "desc": "Freedom Internet 2.5GB/5hr"
  },
  {
    "product_name": "Indosat Freedom Internet 3 GB 30 Hari",
    "category": "Data",
    "brand": "INDOSAT",
    "type": "Freedom Internet",
    "seller_name": "BC***",
    "price": 21715,
    "buyer_sku_code": "if3g30d",
    "buyer_product_status": true,
    "seller_product_status": true,
    "unlimited_stock": true,
    "stock": 0,
    "multi": true,
    "start_cut_off": "23:30",
    "end_cut_off": "0:15",
    "desc": "Freedom Internet 3GB/30Hr"
  },
  {
    "product_name": "Indosat Freedom Internet 3 GB 3 Hari",
    "category": "Data",
    "brand": "INDOSAT",
    "type": "Freedom Internet",
    "seller_name": "BC***",
    "price": 11000,
    "buyer_sku_code": "if3g3d",
    "buyer_product_status": true,
    "seller_product_status": true,
    "unlimited_stock": true,
    "stock": 0,
    "multi": true,
    "start_cut_off": "23:30",
    "end_cut_off": "0:15",
    "desc": "Freedom Internet 3GB/3hr"
  },
  {
    "product_name": "Indosat Freedom Internet 5.5 GB 30 Hari",
    "category": "Data",
    "brand": "INDOSAT",
    "type": "Freedom Internet",
    "seller_name": "BC***",
    "price": 34575,
    "buyer_sku_code": "if5g30d",
    "buyer_product_status": true,
    "seller_product_status": true,
    "unlimited_stock": true,
    "stock": 0,
    "multi": true,
    "start_cut_off": "23:30",
    "end_cut_off": "0:15",
    "desc": "Freedom Internet 5.5GB/30Hr"
  },
  {
    "product_name": "Indosat Pulsa Transfer 10.000",
    "category": "Pulsa",
    "brand": "INDOSAT",
    "type": "Pulsa Transfer",
    "seller_name": "BC***",
    "price": 10425,
    "buyer_sku_code": "it10",
    "buyer_product_status": true,
    "seller_product_status": true,
    "unlimited_stock": true,
    "stock": 0,
    "multi": true,
    "start_cut_off": "23:30",
    "end_cut_off": "0:15",
    "desc": "Pulsa Indosat Transfer 10.000 + Masa Aktif 3 Hari"
  },
  {
    "product_name": "Indosat Pulsa Transfer 5.000",
    "category": "Pulsa",
    "brand": "INDOSAT",
    "type": "Pulsa Transfer",
    "seller_name": "BC***",
    "price": 5700,
    "buyer_sku_code": "it5",
    "buyer_product_status": true,
    "seller_product_status": true,
    "unlimited_stock": true,
    "stock": 0,
    "multi": true,
    "start_cut_off": "23:30",
    "end_cut_off": "0:15",
    "desc": "Pulsa Indosat Transfer 5.000 + Masa Aktif 3 Hari"
  },
  {
    "product_name": "Mobile Legends Weekly Diamond Pass (Global)",
    "category": "Games",
    "brand": "MOBILE LEGENDS",
    "type": "Global",
    "seller_name": "KE***",
    "price": 20495,
    "buyer_sku_code": "KANNAGLOBAL",
    "buyer_product_status": true,
    "seller_product_status": true,
    "unlimited_stock": true,
    "stock": 0,
    "multi": true,
    "start_cut_off": "0:0",
    "end_cut_off": "0:0",
    "desc": "-"
  },
  {
    "product_name": "Mobile Legends Cek Username",
    "category": "Games",
    "brand": "MOBILE LEGENDS",
    "type": "Umum",
    "seller_name": "Om***",
    "price": 5,
    "buyer_sku_code": "KANNAID",
    "buyer_product_status": true,
    "seller_product_status": true,
    "unlimited_stock": true,
    "stock": 0,
    "multi": true,
    "start_cut_off": "23:45",
    "end_cut_off": "0:15",
    "desc": "Cek username Mobile Legends."
  },
  {
    "product_name": "MOBILE LEGENDS Weekly Diamond Pass",
    "category": "Games",
    "brand": "MOBILE LEGENDS",
    "type": "Membership",
    "seller_name": "AR***",
    "price": 25950,
    "buyer_sku_code": "KANNAWDP",
    "buyer_product_status": true,
    "seller_product_status": true,
    "unlimited_stock": true,
    "stock": 0,
    "multi": true,
    "start_cut_off": "0:0",
    "end_cut_off": "0:0",
    "desc": "-"
  },
  {
    "product_name": "MOBILE LEGENDS Weekly Diamond Pass 2x",
    "category": "Games",
    "brand": "MOBILE LEGENDS",
    "type": "Membership",
    "seller_name": "BP***",
    "price": 52596,
    "buyer_sku_code": "KANNAWDP2",
    "buyer_product_status": true,
    "seller_product_status": true,
    "unlimited_stock": true,
    "stock": 0,
    "multi": true,
    "start_cut_off": "0:0",
    "end_cut_off": "0:0",
    "desc": "-"
  },
  {
    "product_name": "MOBILE LEGENDS Weekly Diamond Pass 3x",
    "category": "Games",
    "brand": "MOBILE LEGENDS",
    "type": "Membership",
    "seller_name": "BP***",
    "price": 78881,
    "buyer_sku_code": "KANNAWDP3",
    "buyer_product_status": true,
    "seller_product_status": true,
    "unlimited_stock": true,
    "stock": 0,
    "multi": true,
    "start_cut_off": "0:0",
    "end_cut_off": "0:0",
    "desc": "-"
  },
  {
    "product_name": "MOBILE LEGENDS Weekly Diamond Pass 4x",
    "category": "Games",
    "brand": "MOBILE LEGENDS",
    "type": "Membership",
    "seller_name": "BP***",
    "price": 105166,
    "buyer_sku_code": "KANNAWDP4",
    "buyer_product_status": true,
    "seller_product_status": true,
    "unlimited_stock": true,
    "stock": 0,
    "multi": true,
    "start_cut_off": "0:0",
    "end_cut_off": "0:0",
    "desc": "-"
  },
  {
    "product_name": "MOBILE LEGENDS Weekly Diamond Pass 5x",
    "category": "Games",
    "brand": "MOBILE LEGENDS",
    "type": "Membership",
    "seller_name": "BP***",
    "price": 131451,
    "buyer_sku_code": "KANNAWDP5",
    "buyer_product_status": true,
    "seller_product_status": true,
    "unlimited_stock": true,
    "stock": 0,
    "multi": true,
    "start_cut_off": "0:0",
    "end_cut_off": "0:0",
    "desc": "-"
  },
  {
    "product_name": "MOBILELEGEND - 10 Diamond",
    "category": "Games",
    "brand": "MOBILE LEGENDS",
    "type": "Umum",
    "seller_name": "BP***",
    "price": 2792,
    "buyer_sku_code": "KNML10",
    "buyer_product_status": true,
    "seller_product_status": true,
    "unlimited_stock": true,
    "stock": 0,
    "multi": true,
    "start_cut_off": "0:0",
    "end_cut_off": "0:0",
    "desc": "no pelanggan = gabungan antara user_id dan zone_id"
  },
  {
    "product_name": "MOBILELEGEND - 15 Diamond",
    "category": "Games",
    "brand": "MOBILE LEGENDS",
    "type": "Umum",
    "seller_name": "FA***",
    "price": 4186,
    "buyer_sku_code": "KNML15",
    "buyer_product_status": true,
    "seller_product_status": true,
    "unlimited_stock": true,
    "stock": 0,
    "multi": true,
    "start_cut_off": "0:0",
    "end_cut_off": "0:0",
    "desc": "no pelanggan = gabungan antara user_id dan zone_id"
  },
  {
    "product_name": "MOBILELEGEND - 20 Diamond",
    "category": "Games",
    "brand": "MOBILE LEGENDS",
    "type": "Umum",
    "seller_name": "BP***",
    "price": 5579,
    "buyer_sku_code": "KNML20",
    "buyer_product_status": true,
    "seller_product_status": true,
    "unlimited_stock": true,
    "stock": 0,
    "multi": true,
    "start_cut_off": "0:0",
    "end_cut_off": "0:0",
    "desc": "no pelanggan = gabungan antara user_id dan zone_id"
  },
  {
    "product_name": "MOBILELEGEND - 3 Diamond",
    "category": "Games",
    "brand": "MOBILE LEGENDS",
    "type": "Umum",
    "seller_name": "Ke***",
    "price": 1555,
    "buyer_sku_code": "KNML3",
    "buyer_product_status": true,
    "seller_product_status": true,
    "unlimited_stock": true,
    "stock": 0,
    "multi": true,
    "start_cut_off": "23:45",
    "end_cut_off": "0:15",
    "desc": "no pelanggan = gabungan antara user_id dan zone_id"
  },
  {
    "product_name": "MOBILELEGEND - 30 Diamond",
    "category": "Games",
    "brand": "MOBILE LEGENDS",
    "type": "Umum",
    "seller_name": "FA***",
    "price": 8127,
    "buyer_sku_code": "KNML30",
    "buyer_product_status": true,
    "seller_product_status": true,
    "unlimited_stock": true,
    "stock": 0,
    "multi": true,
    "start_cut_off": "0:0",
    "end_cut_off": "0:0",
    "desc": "no pelanggan = gabungan antara user_id dan zone_id"
  },
  {
    "product_name": "MOBILELEGEND - 36 Diamond",
    "category": "Games",
    "brand": "MOBILE LEGENDS",
    "type": "Umum",
    "seller_name": "BC***",
    "price": 10525,
    "buyer_sku_code": "KNML36",
    "buyer_product_status": true,
    "seller_product_status": true,
    "unlimited_stock": true,
    "stock": 0,
    "multi": true,
    "start_cut_off": "23:30",
    "end_cut_off": "0:15",
    "desc": "no pelanggan = gabungan antara user_id dan zone_id"
  },
  {
    "product_name": "MOBILELEGEND - 44 Diamond",
    "category": "Games",
    "brand": "MOBILE LEGENDS",
    "type": "Umum",
    "seller_name": "BC***",
    "price": 12175,
    "buyer_sku_code": "KNML44",
    "buyer_product_status": true,
    "seller_product_status": true,
    "unlimited_stock": true,
    "stock": 0,
    "multi": true,
    "start_cut_off": "23:30",
    "end_cut_off": "0:15",
    "desc": "no pelanggan = gabungan antara user_id dan zone_id"
  },
  {
    "product_name": "MOBILELEGEND - 5 Diamond",
    "category": "Games",
    "brand": "MOBILE LEGENDS",
    "type": "Umum",
    "seller_name": "BA***",
    "price": 1475,
    "buyer_sku_code": "KNML5",
    "buyer_product_status": true,
    "seller_product_status": true,
    "unlimited_stock": true,
    "stock": 0,
    "multi": true,
    "start_cut_off": "23:30",
    "end_cut_off": "0:15",
    "desc": "no pelanggan = gabungan antara user_id dan zone_id"
  },
  {
    "product_name": "K-Vision & GOL Paket CLING (CL06)  180 Hari",
    "category": "TV",
    "brand": "K-VISION dan GOL",
    "type": "Cling",
    "seller_name": "CV***",
    "price": 96075,
    "buyer_sku_code": "kvision180d",
    "buyer_product_status": true,
    "seller_product_status": true,
    "unlimited_stock": true,
    "stock": 0,
    "multi": true,
    "start_cut_off": "23:40",
    "end_cut_off": "0:15",
    "desc": "Siaran National Geographic, Nat Geo Wild, My Family, My Cinema, MTV, Rock , Kids TV, dll"
  },
  {
    "product_name": "K-Vision & GOL Paket CLING (CL01)  30 Hari",
    "category": "TV",
    "brand": "K-VISION dan GOL",
    "type": "Cling",
    "seller_name": "CV***",
    "price": 19460,
    "buyer_sku_code": "kvision30d",
    "buyer_product_status": true,
    "seller_product_status": true,
    "unlimited_stock": true,
    "stock": 0,
    "multi": true,
    "start_cut_off": "23:40",
    "end_cut_off": "0:15",
    "desc": "Siaran National Geographic, Nat Geo Wild, My Family, My Cinema, MTV, Rock , Kids TV, dll"
  },
  {
    "product_name": "MOBILELEGEND - 56 Diamond",
    "category": "Games",
    "brand": "MOBILE LEGENDS",
    "type": "Umum",
    "seller_name": "SI***",
    "price": 14472,
    "buyer_sku_code": "mlbb56",
    "buyer_product_status": true,
    "seller_product_status": true,
    "unlimited_stock": true,
    "stock": 0,
    "multi": true,
    "start_cut_off": "23:45",
    "end_cut_off": "0:15",
    "desc": "no pelanggan = gabungan antara user_id dan zone_id"
  },
  {
    "product_name": "OVO 100.000",
    "category": "E-Money",
    "brand": "OVO",
    "type": "Umum",
    "seller_name": "BC***",
    "price": 100495,
    "buyer_sku_code": "ovo100",
    "buyer_product_status": true,
    "seller_product_status": true,
    "unlimited_stock": true,
    "stock": 0,
    "multi": true,
    "start_cut_off": "23:30",
    "end_cut_off": "0:15",
    "desc": "OVO 100.000"
  },
  {
    "product_name": "OVO 50.000",
    "category": "E-Money",
    "brand": "OVO",
    "type": "Umum",
    "seller_name": "BC***",
    "price": 50495,
    "buyer_sku_code": "ovo50",
    "buyer_product_status": true,
    "seller_product_status": true,
    "unlimited_stock": true,
    "stock": 0,
    "multi": true,
    "start_cut_off": "23:30",
    "end_cut_off": "0:15",
    "desc": "OVO 50.000"
  },
  {
    "product_name": "Cek Nama Pengguna OVO",
    "category": "E-Money",
    "brand": "OVO",
    "type": "Umum",
    "seller_name": "Om***",
    "price": 5,
    "buyer_sku_code": "ovocek",
    "buyer_product_status": true,
    "seller_product_status": true,
    "unlimited_stock": true,
    "stock": 0,
    "multi": true,
    "start_cut_off": "23:45",
    "end_cut_off": "0:15",
    "desc": "-"
  },
  {
    "product_name": "Telkomsel Telepon Pas 10.000",
    "category": "Paket SMS & Telpon",
    "brand": "TELKOMSEL",
    "type": "Telepon Pas",
    "seller_name": "BC***",
    "price": 10480,
    "buyer_sku_code": "pas10",
    "buyer_product_status": true,
    "seller_product_status": true,
    "unlimited_stock": true,
    "stock": 0,
    "multi": true,
    "start_cut_off": "23:30",
    "end_cut_off": "0:15",
    "desc": "Telepon 170 menit sesama, 30 menit semua op 3 Hari (sesuai zona)"
  },
  {
    "product_name": "Telkomsel Telepon Pas 20.000",
    "category": "Paket SMS & Telpon",
    "brand": "TELKOMSEL",
    "type": "Telepon Pas",
    "seller_name": "BC***",
    "price": 21230,
    "buyer_sku_code": "pas20",
    "buyer_product_status": true,
    "seller_product_status": true,
    "unlimited_stock": true,
    "stock": 0,
    "multi": true,
    "start_cut_off": "23:30",
    "end_cut_off": "0:15",
    "desc": "Telepon 300 menit semua op 7 Hari (sesuai zona)"
  },
  {
    "product_name": "Telkomsel Telepon Pas 50.000",
    "category": "Paket SMS & Telpon",
    "brand": "TELKOMSEL",
    "type": "Telepon Pas",
    "seller_name": "BC***",
    "price": 56445,
    "buyer_sku_code": "pas50",
    "buyer_product_status": true,
    "seller_product_status": true,
    "unlimited_stock": true,
    "stock": 0,
    "multi": true,
    "start_cut_off": "23:30",
    "end_cut_off": "0:15",
    "desc": "Telepon 1000 menit sesama, 100 menit semua op (30 Hari) (manfaat sesuai zona)"
  },
  {
    "product_name": "1.200 PB Cash",
    "category": "Games",
    "brand": "POINT BLANK",
    "type": "Umum",
    "seller_name": "Ma***",
    "price": 9000,
    "buyer_sku_code": "PB1200",
    "buyer_product_status": true,
    "seller_product_status": true,
    "unlimited_stock": true,
    "stock": 0,
    "multi": true,
    "start_cut_off": "23:59",
    "end_cut_off": "0:1",
    "desc": "1200 Point Blank Cash"
  },
  {
    "product_name": "2.400 PB Cash",
    "category": "Games",
    "brand": "POINT BLANK",
    "type": "Umum",
    "seller_name": "Ma***",
    "price": 18000,
    "buyer_sku_code": "PB2400",
    "buyer_product_status": true,
    "seller_product_status": true,
    "unlimited_stock": true,
    "stock": 0,
    "multi": true,
    "start_cut_off": "23:59",
    "end_cut_off": "0:1",
    "desc": "2400 PB Cash"
  },
  {
    "product_name": "6.000 PB Cash",
    "category": "Games",
    "brand": "POINT BLANK",
    "type": "Umum",
    "seller_name": "Di***",
    "price": 44500,
    "buyer_sku_code": "PB6000",
    "buyer_product_status": true,
    "seller_product_status": true,
    "unlimited_stock": true,
    "stock": 0,
    "multi": true,
    "start_cut_off": "0:0",
    "end_cut_off": "0:0",
    "desc": "6000 PB Cash"
  },
  {
    "product_name": "7.000 PB Cash",
    "category": "Games",
    "brand": "POINT BLANK",
    "type": "Umum",
    "seller_name": "Di***",
    "price": 54875,
    "buyer_sku_code": "PB7000",
    "buyer_product_status": true,
    "seller_product_status": true,
    "unlimited_stock": true,
    "stock": 0,
    "multi": true,
    "start_cut_off": "0:0",
    "end_cut_off": "0:0",
    "desc": "-"
  },
  {
    "product_name": "Pertagas 20.000",
    "category": "Pertagas",
    "brand": "Pertamina Gas",
    "type": "Umum",
    "seller_name": "ZB***",
    "price": 21860,
    "buyer_sku_code": "pertagas20",
    "buyer_product_status": true,
    "seller_product_status": true,
    "unlimited_stock": true,
    "stock": 0,
    "multi": true,
    "start_cut_off": "23:30",
    "end_cut_off": "0:30",
    "desc": "Pertagas 20.000"
  },
  {
    "product_name": "PLN 100.000",
    "category": "PLN",
    "brand": "PLN",
    "type": "Umum",
    "seller_name": "BC***",
    "price": 100175,
    "buyer_sku_code": "pln100",
    "buyer_product_status": true,
    "seller_product_status": true,
    "unlimited_stock": true,
    "stock": 0,
    "multi": true,
    "start_cut_off": "23:30",
    "end_cut_off": "0:15",
    "desc": "masukkan nomor meter/id pelanggan"
  },
  {
    "product_name": "PLN 1.000.000",
    "category": "PLN",
    "brand": "PLN",
    "type": "Umum",
    "seller_name": "BC***",
    "price": 1000175,
    "buyer_sku_code": "pln1000",
    "buyer_product_status": true,
    "seller_product_status": true,
    "unlimited_stock": true,
    "stock": 0,
    "multi": true,
    "start_cut_off": "23:30",
    "end_cut_off": "0:15",
    "desc": "masukkan nomor meter/id pelanggan"
  },
  {
    "product_name": "PLN 20.000",
    "category": "PLN",
    "brand": "PLN",
    "type": "Umum",
    "seller_name": "BC***",
    "price": 20145,
    "buyer_sku_code": "pln20",
    "buyer_product_status": true,
    "seller_product_status": true,
    "unlimited_stock": true,
    "stock": 0,
    "multi": true,
    "start_cut_off": "23:30",
    "end_cut_off": "0:15",
    "desc": "masukkan nomor meter/id pelanggan"
  },
  {
    "product_name": "PLN 50.000",
    "category": "PLN",
    "brand": "PLN",
    "type": "Umum",
    "seller_name": "BC***",
    "price": 50145,
    "buyer_sku_code": "pln50",
    "buyer_product_status": true,
    "seller_product_status": true,
    "unlimited_stock": true,
    "stock": 0,
    "multi": true,
    "start_cut_off": "23:30",
    "end_cut_off": "0:15",
    "desc": "masukkan nomor meter/id pelanggan"
  },
  {
    "product_name": "Telkomsel 10.000",
    "category": "Pulsa",
    "brand": "TELKOMSEL",
    "type": "Umum",
    "seller_name": "Sp***",
    "price": 8485,
    "buyer_sku_code": "s10",
    "buyer_product_status": true,
    "seller_product_status": true,
    "unlimited_stock": true,
    "stock": 0,
    "multi": true,
    "start_cut_off": "23:45",
    "end_cut_off": "0:18",
    "desc": "Reguler"
  },
  {
    "product_name": "Telkomsel 100.000",
    "category": "Pulsa",
    "brand": "TELKOMSEL",
    "type": "Umum",
    "seller_name": "BC***",
    "price": 98895,
    "buyer_sku_code": "s100",
    "buyer_product_status": true,
    "seller_product_status": true,
    "unlimited_stock": true,
    "stock": 0,
    "multi": true,
    "start_cut_off": "23:30",
    "end_cut_off": "0:15",
    "desc": "Reguler"
  },
  {
    "product_name": "Telkomsel 15.000",
    "category": "Pulsa",
    "brand": "TELKOMSEL",
    "type": "Umum",
    "seller_name": "BC***",
    "price": 14880,
    "buyer_sku_code": "s15",
    "buyer_product_status": true,
    "seller_product_status": true,
    "unlimited_stock": true,
    "stock": 0,
    "multi": true,
    "start_cut_off": "23:30",
    "end_cut_off": "0:15",
    "desc": "Reguler"
  },
  {
    "product_name": "Telkomsel 20.000",
    "category": "Pulsa",
    "brand": "TELKOMSEL",
    "type": "Umum",
    "seller_name": "BC***",
    "price": 19855,
    "buyer_sku_code": "s20",
    "buyer_product_status": true,
    "seller_product_status": true,
    "unlimited_stock": true,
    "stock": 0,
    "multi": true,
    "start_cut_off": "23:30",
    "end_cut_off": "0:15",
    "desc": "Reguler"
  },
  {
    "product_name": "Telkomsel 25.000",
    "category": "Pulsa",
    "brand": "TELKOMSEL",
    "type": "Umum",
    "seller_name": "BC***",
    "price": 24790,
    "buyer_sku_code": "s25",
    "buyer_product_status": true,
    "seller_product_status": true,
    "unlimited_stock": true,
    "stock": 0,
    "multi": true,
    "start_cut_off": "23:30",
    "end_cut_off": "0:15",
    "desc": "Reguler"
  },
  {
    "product_name": "Telkomsel 30.000",
    "category": "Pulsa",
    "brand": "TELKOMSEL",
    "type": "Umum",
    "seller_name": "BC***",
    "price": 29950,
    "buyer_sku_code": "s30",
    "buyer_product_status": true,
    "seller_product_status": true,
    "unlimited_stock": true,
    "stock": 0,
    "multi": true,
    "start_cut_off": "23:30",
    "end_cut_off": "0:15",
    "desc": "Reguler"
  },
  {
    "product_name": "Telkomsel 40.000",
    "category": "Pulsa",
    "brand": "TELKOMSEL",
    "type": "Umum",
    "seller_name": "Sp***",
    "price": 39925,
    "buyer_sku_code": "s40",
    "buyer_product_status": true,
    "seller_product_status": true,
    "unlimited_stock": true,
    "stock": 0,
    "multi": false,
    "start_cut_off": "21:45",
    "end_cut_off": "22:0",
    "desc": "Reguler"
  },
  {
    "product_name": "Telkomsel 5.000",
    "category": "Pulsa",
    "brand": "TELKOMSEL",
    "type": "Umum",
    "seller_name": "Sp***",
    "price": 4000,
    "buyer_sku_code": "s5",
    "buyer_product_status": true,
    "seller_product_status": true,
    "unlimited_stock": true,
    "stock": 0,
    "multi": true,
    "start_cut_off": "23:45",
    "end_cut_off": "0:20",
    "desc": "Reguler"
  },
  {
    "product_name": "Telkomsel 50.000",
    "category": "Pulsa",
    "brand": "TELKOMSEL",
    "type": "Umum",
    "seller_name": "BC***",
    "price": 49570,
    "buyer_sku_code": "s50",
    "buyer_product_status": true,
    "seller_product_status": true,
    "unlimited_stock": true,
    "stock": 0,
    "multi": true,
    "start_cut_off": "23:30",
    "end_cut_off": "0:15",
    "desc": "Reguler"
  },
  {
    "product_name": "SHOPEE PAY 100.000",
    "category": "E-Money",
    "brand": "SHOPEE PAY",
    "type": "Umum",
    "seller_name": "BC***",
    "price": 100575,
    "buyer_sku_code": "shopee100",
    "buyer_product_status": true,
    "seller_product_status": true,
    "unlimited_stock": true,
    "stock": 0,
    "multi": true,
    "start_cut_off": "23:30",
    "end_cut_off": "0:15",
    "desc": "SHOPEE PAY 100.000"
  },
  {
    "product_name": "SHOPEE PAY 50.000",
    "category": "E-Money",
    "brand": "SHOPEE PAY",
    "type": "Umum",
    "seller_name": "BC***",
    "price": 50575,
    "buyer_sku_code": "shopee50",
    "buyer_product_status": true,
    "seller_product_status": true,
    "unlimited_stock": true,
    "stock": 0,
    "multi": true,
    "start_cut_off": "23:30",
    "end_cut_off": "0:15",
    "desc": "SHOPEE PAY 50.000"
  },
  {
    "product_name": "Smartfren 10.000",
    "category": "Pulsa",
    "brand": "SMARTFREN",
    "type": "Umum",
    "seller_name": "BC***",
    "price": 9740,
    "buyer_sku_code": "sm10",
    "buyer_product_status": true,
    "seller_product_status": true,
    "unlimited_stock": true,
    "stock": 0,
    "multi": true,
    "start_cut_off": "23:30",
    "end_cut_off": "0:15",
    "desc": "Reguler"
  },
  {
    "product_name": "Telkomsel Pulsa Transfer 100.000",
    "category": "Pulsa",
    "brand": "TELKOMSEL",
    "type": "Pulsa Transfer",
    "seller_name": "BC***",
    "price": 98240,
    "buyer_sku_code": "st100",
    "buyer_product_status": true,
    "seller_product_status": true,
    "unlimited_stock": true,
    "stock": 0,
    "multi": true,
    "start_cut_off": "23:30",
    "end_cut_off": "0:15",
    "desc": "Pulsa Telkomsel Rp 100.000 ( Tidak menambah masa aktif)"
  },
  {
    "product_name": "Telkomsel Pulsa Transfer 50.000",
    "category": "Pulsa",
    "brand": "TELKOMSEL",
    "type": "Pulsa Transfer",
    "seller_name": "BC***",
    "price": 49648,
    "buyer_sku_code": "st50",
    "buyer_product_status": true,
    "seller_product_status": true,
    "unlimited_stock": true,
    "stock": 0,
    "multi": true,
    "start_cut_off": "23:30",
    "end_cut_off": "0:15",
    "desc": "Pulsa Telkomsel Rp 50.000 ( Tidak menambah masa aktif)"
  },
  {
    "product_name": "Three 10.000",
    "category": "Pulsa",
    "brand": "TRI",
    "type": "Umum",
    "seller_name": "BC***",
    "price": 10383,
    "buyer_sku_code": "t10",
    "buyer_product_status": true,
    "seller_product_status": true,
    "unlimited_stock": true,
    "stock": 0,
    "multi": true,
    "start_cut_off": "23:30",
    "end_cut_off": "0:15",
    "desc": "Reguler"
  },
  {
    "product_name": "Three 20.000",
    "category": "Pulsa",
    "brand": "TRI",
    "type": "Umum",
    "seller_name": "BC***",
    "price": 19734,
    "buyer_sku_code": "t20",
    "buyer_product_status": true,
    "seller_product_status": true,
    "unlimited_stock": true,
    "stock": 0,
    "multi": true,
    "start_cut_off": "23:30",
    "end_cut_off": "0:15",
    "desc": "Reguler"
  },
  {
    "product_name": "Three 5.000",
    "category": "Pulsa",
    "brand": "TRI",
    "type": "Umum",
    "seller_name": "BC***",
    "price": 5517,
    "buyer_sku_code": "t5",
    "buyer_product_status": true,
    "seller_product_status": true,
    "unlimited_stock": true,
    "stock": 0,
    "multi": true,
    "start_cut_off": "23:30",
    "end_cut_off": "0:15",
    "desc": "Reguler"
  },
  {
    "product_name": "Aktivasi Perdana Tri Happy S+ 30 Hari",
    "category": "Aktivasi Perdana",
    "brand": "TRI",
    "type": "Happy",
    "seller_name": "Om***",
    "price": 12893,
    "buyer_sku_code": "tacthappys",
    "buyer_product_status": true,
    "seller_product_status": true,
    "unlimited_stock": true,
    "stock": 0,
    "multi": true,
    "start_cut_off": "23:45",
    "end_cut_off": "0:15",
    "desc": "Aktivasi Perdana Tri Happy S+ 30 Hari"
  },
  {
    "product_name": "Tri Tambah Masa Aktif Kartu  4 Bulan",
    "category": "Masa Aktif",
    "brand": "TRI",
    "type": "Umum",
    "seller_name": "BC***",
    "price": 3505,
    "buyer_sku_code": "tactive4m",
    "buyer_product_status": true,
    "seller_product_status": true,
    "unlimited_stock": true,
    "stock": 0,
    "multi": true,
    "start_cut_off": "23:30",
    "end_cut_off": "0:15",
    "desc": "Hanya menambah masa aktif kartu 4 bulan, bisa akumulasi"
  },
  {
    "product_name": "Three Pulsa Transfer 10.000",
    "category": "Pulsa",
    "brand": "TRI",
    "type": "Pulsa Transfer",
    "seller_name": "BC***",
    "price": 10535,
    "buyer_sku_code": "tt10",
    "buyer_product_status": true,
    "seller_product_status": true,
    "unlimited_stock": true,
    "stock": 0,
    "multi": true,
    "start_cut_off": "23:30",
    "end_cut_off": "0:15",
    "desc": "-"
  },
  {
    "product_name": "Three Pulsa Transfer 35.000",
    "category": "Pulsa",
    "brand": "TRI",
    "type": "Pulsa Transfer",
    "seller_name": "BC***",
    "price": 34995,
    "buyer_sku_code": "tt35",
    "buyer_product_status": true,
    "seller_product_status": true,
    "unlimited_stock": true,
    "stock": 0,
    "multi": true,
    "start_cut_off": "23:30",
    "end_cut_off": "0:15",
    "desc": "-"
  },
  {
    "product_name": "Aktivasi Voucher Axis 1 GB 1 Hari",
    "category": "Aktivasi Voucher",
    "brand": "AXIS",
    "type": "Aigo",
    "seller_name": "BC***",
    "price": 4774,
    "buyer_sku_code": "vax1",
    "buyer_product_status": true,
    "seller_product_status": true,
    "unlimited_stock": true,
    "stock": 0,
    "multi": true,
    "start_cut_off": "23:30",
    "end_cut_off": "0:15",
    "desc": "AIGO Mini Bronet 24Jam 1GB + Kuota di Kota-mu 1hr"
  },
  {
    "product_name": "Aktivasi Voucher Axis 3 GB 3 Hari",
    "category": "Aktivasi Voucher",
    "brand": "AXIS",
    "type": "Aigo",
    "seller_name": "HA***",
    "price": 11580,
    "buyer_sku_code": "vax2",
    "buyer_product_status": true,
    "seller_product_status": false,
    "unlimited_stock": true,
    "stock": 0,
    "multi": true,
    "start_cut_off": "23:30",
    "end_cut_off": "0:30",
    "desc": "AIGO Mini 3GB + Kuota di Kota-mu 3hr"
  },
  {
    "product_name": "Aktivasi Voucher XL Xtra Combo Flex S",
    "category": "Aktivasi Voucher",
    "brand": "XL",
    "type": "Xtra Combo Flex",
    "seller_name": "BC***",
    "price": 19275,
    "buyer_sku_code": "vflexs",
    "buyer_product_status": true,
    "seller_product_status": true,
    "unlimited_stock": true,
    "stock": 0,
    "multi": true,
    "start_cut_off": "23:30",
    "end_cut_off": "0:15",
    "desc": "Xtra Combo Flex S"
  },
  {
    "product_name": "Voucher Telkomsel 2.5 GB 5 Hari (Jawa Barat)",
    "category": "Voucher",
    "brand": "TELKOMSEL",
    "type": "Jawa Barat",
    "seller_name": "Om***",
    "price": 11960,
    "buyer_sku_code": "vs2g5d",
    "buyer_product_status": true,
    "seller_product_status": true,
    "unlimited_stock": true,
    "stock": 0,
    "multi": true,
    "start_cut_off": "23:45",
    "end_cut_off": "0:15",
    "desc": "Voucher paket Internet 1 GB & 1.5 GB Lokal Internet Jawa berlaku selama 5 Hari"
  },
  {
    "product_name": "Xl 10.000",
    "category": "Pulsa",
    "brand": "XL",
    "type": "Umum",
    "seller_name": "BC***",
    "price": 10814,
    "buyer_sku_code": "x10",
    "buyer_product_status": true,
    "seller_product_status": true,
    "unlimited_stock": true,
    "stock": 0,
    "multi": true,
    "start_cut_off": "23:30",
    "end_cut_off": "0:15",
    "desc": "Reguler"
  },
  {
    "product_name": "Xl 5.000",
    "category": "Pulsa",
    "brand": "XL",
    "type": "Umum",
    "seller_name": "BC***",
    "price": 5834,
    "buyer_sku_code": "x5",
    "buyer_product_status": true,
    "seller_product_status": true,
    "unlimited_stock": true,
    "stock": 0,
    "multi": true,
    "start_cut_off": "23:30",
    "end_cut_off": "0:15",
    "desc": "Reguler"
  },
  {
    "product_name": "Xl Pulsa Transfer 10.000",
    "category": "Pulsa",
    "brand": "XL",
    "type": "Pulsa Transfer",
    "seller_name": "BC***",
    "price": 10760,
    "buyer_sku_code": "xt10",
    "buyer_product_status": true,
    "seller_product_status": true,
    "unlimited_stock": true,
    "stock": 0,
    "multi": true,
    "start_cut_off": "23:30",
    "end_cut_off": "0:15",
    "desc": "Pulsa Xl Rp 10.000 ( Tidak menambah masa aktif)"
  }
]