[
  {
    "id": 6,
    "groupId": "120363400332648431@g.us",
    "expired": 1759202823360
  },
  {
    "id": 7,
    "groupId": "120363419052696231@g.us",
    "expired": 1759671274585
  },
  {
    "id": 8,
    "groupId": "120363401520005226@g.us",
    "expired": 1759673257128
  },
  {
    "id": 9,
    "groupId": "120363402462309182@g.us",
    "expired": 1759924750592
  },
  {
    "id": 10,
    "groupId": "120363322438096714@g.us",
    "expired": 1760155431355
  },
  {
    "id": 11,
    "groupId": "120363421414575624@g.us",
    "expired": 1761195484697
  }
]