{
  "120363398606143055@g.us": {
    "text_welcome": "",
    "text_left": "",
    "text_open": "",
    "text_close": "",
    "text_proses": "",
    "text_done": "",
    "text_list": "",
    "text_list_simbol": ""
  },
  "120363418300206808@g.us": {
    "text_welcome": "",
    "text_left": "",
    "text_open": "",
    "text_close": "",
    "text_proses": "",
    "text_done": "",
    "text_list": "",
    "text_list_simbol": ""
  },
  "120363374892074346@g.us": {
    "text_welcome": "",
    "text_left": "",
    "text_open": "",
    "text_close": "",
    "text_proses": "",
    "text_done": "",
    "text_list": "",
    "text_list_simbol": ""
  },
  "120363408693193692@g.us": {
    "text_welcome": "",
    "text_left": "",
    "text_open": "",
    "text_close": "",
    "text_proses": "",
    "text_done": "",
    "text_list": "",
    "text_list_simbol": ""
  },
  "120363402049941493@g.us": {
    "text_welcome": "",
    "text_left": "",
    "text_open": "",
    "text_close": "",
    "text_proses": "",
    "text_done": "",
    "text_list": "",
    "text_list_simbol": ""
  },
  "120363162814309100@g.us": {
    "text_welcome": "",
    "text_left": "",
    "text_open": "",
    "text_close": "",
    "text_proses": "",
    "text_done": "",
    "text_list": "",
    "text_list_simbol": ""
  },
  "120363402430576575@g.us": {
    "text_welcome": "𝗁𝖺𝗅𝗈 𝗄𝖺𝗆𝗎 @usertag, 𝗀𝗋𝗎𝗉 𝗂𝗇𝗂 𝖽𝗂 𝖻𝗎𝗄𝖺 𝖽𝖺𝗇 𝖽𝗂 𝗍𝗎𝗍𝗎𝗉 𝗌𝖾𝗌𝗎𝖺𝗂 𝗆𝗈𝗈𝖽 𝗏𝗂𝗇𝖺. 𝗄𝖺𝗅𝖺𝗎 𝗆𝖺𝗎 𝖻𝖾𝗅𝗂 𝗃𝖺𝗇𝗀𝖺𝗇 𝖻𝖺𝗇𝗒𝖺𝗄 𝗍𝖺𝗇𝗒𝖺 𝗄𝖺𝗎, 𝖺𝗉𝖺𝗅𝖺𝗀𝗂 𝗉𝖺𝗌 𝗏𝗂𝗇𝖺 𝗎𝖽𝗁 𝗉𝖺𝗄𝖾 𝖾𝗆𝗈𝗃𝗂 \"🥸,😒\" 𝗂𝗍𝗎 𝖺𝗋𝗍𝗂𝗇𝗒𝖺 𝗎𝖽𝖺𝗁 𝗋𝗂𝗌𝗂𝗁 𝖽𝖺𝗇 𝟪𝟢% 𝗀𝖺𝗄 𝖺𝗄𝖺𝗇 𝗃𝖺𝗐𝖺𝖻 𝖼𝗁𝖺𝗍𝗆𝗎",
    "text_left": "𝗉𝖾𝗋𝗀𝗂 𝖺𝗃𝖺 𝗅𝗈 @usertag, 𝗀𝖺 𝖻𝗎𝗍𝗎𝗁 𝗌𝖺𝗆𝗉𝖺𝗁 𝗱𝗿𝗮𝗺𝗮𝘁𝗶𝗸",
    "text_open": "⢠⣿⣶⣄⣠⣾⣿⣤ \n⠻⣻⣿⡟⢻⣿⣟⠋ \n⣴⣿⡟ 🩰⃝𝓗𝖺𝗅𝗅𝗈𝗐 𝖻𝗎𝖻‘𝗌 ! \n𝓢𝗎𝖽𝖺𝗁 𝓓𝖺𝗉𝖺𝗍 𝓜𝖾𝗆𝖾𝗌𝖺𝗇.\n📆 𝓓𝖺𝗍𝖾’𝗌 : @tanggal @bulan @tahun\n⏰ 𝓣𝗂𝗆𝖾‘𝗌 : @jam:@menit:@detik\n\n📬 𝓝𝑜𝑡𝑒𝑑 𝑓𝑜𝑟 𝑚𝑒𝑚𝑏𝑒𝑟‘𝑠 💌\n୨ৎ . 𝗄𝖾𝗍𝗂𝗄 𝗹𝗶𝘀𝘁 𝗆𝖾𝗇𝖺𝗆𝗉𝗂𝗅𝗄𝖺𝗇 𝖽𝖺𝖿𝗍𝖺𝗋 𝗉𝗋𝗈𝖽𝗎𝖼𝗍\n୨ৎ . 𝗄𝖾𝗍𝗂𝗄 𝗽𝗮𝘆 𝗆𝖾𝗇𝖺𝗆𝗉𝗂𝗅𝗄𝖺𝗇 𝖽𝖺𝖿𝗍𝖺𝗋 𝗉𝖺𝗒𝗆𝖾𝗇𝗍\n\n🎀 ⃝𝓓𝖾𝗏𝖾𝗅𝗈𝗉𝖾𝗋 𝖻𝗈𝗍\nhttps://wa.me/qr/KM4XRGVRUFEKP1\n🎀 ⃝𝓞𝗐𝗇𝖾𝗋 𝖻𝗈𝗍\nhttps://wa.me/message/IKE2U5ELF6W2P1",
    "text_close": "⢠⣿⣶⣄⣠⣾⣿⣤ \n⠻⣻⣿⡟⢻⣿⣟⠋ \n⣴⣿⡟ 🩰⃝𝓗𝖺𝗅𝗅𝗈𝗐 𝖻𝗎𝖻‘𝗌 ! \n𝓣𝗁𝗂𝗌 𝓒𝗅𝗈𝗌𝖾 𝓝𝗈𝗐. \n📆 𝓓𝖺𝗍𝖾’𝗌 : @tanggal @bulan @tahun\n⏰ 𝓣𝗂𝗆𝖾‘𝗌 : @jam:@menit:@detik\n\n📬 𝓝𝑜𝑡𝑒𝑑 𝑓𝑜𝑟 𝑚𝑒𝑚𝑏𝑒𝑟‘𝑠 💌\n୨ৎ . 𝗌𝗎𝖽𝖺𝗁 𝗍𝗎𝗍𝗎𝗉 𝗮𝗻𝗷𝗶𝗿 𝗇𝗀𝖺𝗋𝖾𝗉 𝖺𝗉𝖺?😭🤭\n\n🎀 ⃝𝓓𝖾𝗏𝖾𝗅𝗈𝗉𝖾𝗋 𝖻𝗈𝗍\nhttps://wa.me/qr/KM4XRGVRUFEKP1\n🎀 ⃝𝓞𝗐𝗇𝖾𝗋 𝖻𝗈𝗍\nhttps://wa.me/message/IKE2U5ELF6W2P1",
    "text_proses": "",
    "text_done": "",
    "text_list": "╔◯ 𝗯𝗲𝗿𝗶𝗸𝘂𝘁 𝗱𝗮𝗳𝘁𝗮𝗿 𝗱𝗶𝗯𝗮𝘄𝗮𝗵 𝗶𝗻𝗶|||\n╚◯ 𝗸𝗲𝘁𝗶𝗸 𝗮𝗷𝗮 𝘀𝗲𝘀𝘂𝗮𝗶 𝘆𝗮𝗻𝗴 𝗮𝗱𝗮 𝗱𝗶 𝗮𝘁𝗮𝘀",
    "text_list_simbol": "╠▷🛍️"
  },
  "120363418174652394@g.us": {
    "text_welcome": "",
    "text_left": "",
    "text_open": "",
    "text_close": "",
    "text_proses": "",
    "text_done": "",
    "text_list": "",
    "text_list_simbol": ""
  },
  "120363400232400185@g.us": {
    "text_welcome": "",
    "text_left": "",
    "text_open": "",
    "text_close": "",
    "text_proses": "",
    "text_done": "",
    "text_list": "",
    "text_list_simbol": ""
  },
  "120363419292678452@g.us": {
    "text_welcome": "",
    "text_left": "",
    "text_open": "",
    "text_close": "",
    "text_proses": "",
    "text_done": "",
    "text_list": "",
    "text_list_simbol": ""
  },
  "120363417898036656@g.us": {
    "text_welcome": "",
    "text_left": "",
    "text_open": "",
    "text_close": "",
    "text_proses": "",
    "text_done": "",
    "text_list": "",
    "text_list_simbol": ""
  },
  "120363418689493338@g.us": {
    "text_welcome": "",
    "text_left": "",
    "text_open": "",
    "text_close": "",
    "text_proses": "",
    "text_done": "",
    "text_list": "",
    "text_list_simbol": ""
  },
  "120363418684318725@g.us": {
    "text_welcome": "",
    "text_left": "",
    "text_open": "",
    "text_close": "",
    "text_proses": "",
    "text_done": "",
    "text_list": "",
    "text_list_simbol": ""
  },
  "120363417890775361@g.us": {
    "text_welcome": "🩰𝒲𝑒𝑙𝑐𝑜𝑚𝑒𝑒 𝑏𝑢𝑏'𝑠!!\n@usertag\n\n🏷️𝒩𝑜𝑡𝑒𝑑 \n ׄ ೀ– ketik 𝗹𝗶𝘀𝘁 untuk melihat menu\n ׄ ೀ– ketik 𝗽𝗮𝘆 untuk pembayaran\n\ncontact order:\n6282155875056\n> selain itu clone!",
    "text_left": "🩰ℬ𝑦𝑒𝑒 𝑏𝑢𝑏'𝑠!!\n\n🏷️𝒩𝑜𝑡𝑒𝑑 \n ׄ ೀ– terimakasih sudah belanja di 𝗖𝗜𝗪𝗔 𝗦𝗧𝗢𝗥𝗘\n\ncontact order:\n6282155875056\n> selain itu clone!",
    "text_open": "",
    "text_close": "",
    "text_proses": "",
    "text_done": "",
    "text_list": "",
    "text_list_simbol": ""
  },
  "120363404127369562@g.us": {
    "text_welcome": "",
    "text_left": "",
    "text_open": "",
    "text_close": "",
    "text_proses": "",
    "text_done": "",
    "text_list": "",
    "text_list_simbol": ""
  },
  "120363317616261253@g.us": {
    "text_welcome": "",
    "text_left": "",
    "text_open": "",
    "text_close": "",
    "text_proses": "",
    "text_done": "",
    "text_list": "",
    "text_list_simbol": ""
  },
  "120363346010091022@g.us": {
    "text_welcome": "۶ৎ𝐒𝐞𝐥𝐚𝐦𝐚𝐭 𝐝𝐚𝐭𝐚𝐧𝐠 𝐝𝐢 @groupname\n📅: @tanggal-@namabulan-@tahun\n🕘: @jam:@menit:@detik\n👤: @usertag\nKetik .𝗹𝗶𝘀𝘁 Jika ingin menampilkan list\nKetik *pay* untuk memunculkan metode pembayaran.\n𝐒𝐞𝐥𝐚𝐦𝐚𝐭 𝐣𝐚𝐣𝐚𝐧 𝐲𝐡𝐚𝐚😻‼️",
    "text_left": "",
    "text_open": "𝐀𝐰𝐚𝐥𝐢 𝐡𝐚𝐫𝐢𝐦𝐮 𝐝𝐞𝐧𝐠𝐚𝐧 𝐣𝐚𝐣𝐚𝐧 𝐝𝐢 @groupname\n🔓: Group open\n📅: @tanggal-@namabulan-@tahun\n🕘: @jam:@menit:@detik\n𝐓𝐮𝐧𝐠𝐠𝐮 𝐚𝐩𝐚𝐥𝐚𝐠𝐢?? 𝐓𝐮𝐧𝐠𝐠𝐮𝐢𝐧 𝐝𝐢𝐚?? 𝐌𝐞𝐧𝐝𝐢𝐧𝐠 𝐣𝐚𝐣𝐚𝐧 𝐝𝐚𝐫𝐢𝐩𝐚𝐝𝐚 𝐧𝐮𝐧𝐠𝐠𝐮 𝐲𝐚𝐧𝐠 𝐠𝐚𝐤 𝐩𝐚𝐬𝐭𝐢😋",
    "text_close": "╔⏤⏤⏤⏤⏤⏤╝❀╚⏤⏤⏤⏤⏤⏤╗\n 𝐓𝐞𝐫𝐢𝐦𝐚𝐤𝐚𝐬𝐢𝐡 𝐬𝐮𝐝𝐚𝐡 𝐣𝐚𝐣𝐚𝐧 𝐡𝐚𝐫𝐢 𝐢𝐧𝐢‼️\n🔒: Group close\n📅: @tanggal-@namabulan-@tahun\n🕘: @jam:@menit:@detik\n𝐍𝐠𝐞𝐣𝐚𝐫 𝐤𝐨𝐤 𝐬𝐚𝐦𝐚 𝐲𝐚𝐧𝐠 𝐠𝐚𝐤 𝐩𝐚𝐬𝐭𝐢, 𝐦𝐚𝐧𝐚 𝐦𝐚𝐢𝐧😵‍💫\n╚⏤⏤⏤⏤⏤⏤⏤⏤╗❀╔⏤⏤⏤⏤⏤⏤⏤⏤╝",
    "text_proses": "",
    "text_done": "",
    "text_list": "₊‧.°.⋆✮⋆.°.‧₊\n⋆. 𐙚 ˚「 ✦ 𝐃𝐀𝐅𝐓𝐀𝐑 𝐌𝐄𝐍𝐔 ✦ 」⋆. 𐙚 ˚\n──────────୨ৎ───────────\n𝐾𝑒𝑡𝑖𝑘 𝑙𝑎𝑦𝑎𝑛𝑎𝑛 𝑑𝑖𝑏𝑎𝑤𝑎ℎ 𝑢𝑛𝑡𝑢𝑘\n𝑚𝑒𝑙𝑖ℎ𝑎𝑡 𝐷𝑎𝑓𝑡𝑎𝑟 𝐻𝑎𝑟𝑔𝑎🧸ྀི\n── .✦ 𝖧𝖾𝗒 @tagdiri, 𝗐𝖾𝗅𝖼𝗈𝗆𝖾 𝗍𝗈 @groupname\n ── .✦ 𝖣𝖺𝗒 : @hari — ✿ ۫ ⊹\n ── .✦ 𝖣𝖺𝗍𝖾 : @tanggal @bulan @tahun — ✿ ۫ ⊹ \n ── .✦ 𝖳𝗂𝗆𝖾 : @jam:@menit:@detik — ✿ ۫ ⊹\n\n ┌─「 L I S T 」|||\n\n └───❀*̥˚──────────❀*̥˚┘",
    "text_list_simbol": "⸼ ࣪ 𖹭 ࣪𝃯 𓂂"
  },
  "120363403041403193@g.us": {
    "text_welcome": "",
    "text_left": "",
    "text_open": "",
    "text_close": "",
    "text_proses": "",
    "text_done": "",
    "text_list": "",
    "text_list_simbol": ""
  },
  "120363400885230030@g.us": {
    "text_welcome": "",
    "text_left": "",
    "text_open": "",
    "text_close": "",
    "text_proses": "",
    "text_done": "",
    "text_list": "۫ ⊂⊃ 𝗁𝖾𝗅𝗅𝗈𝗐 -! @tagdiri 𐔌🪼‧₊˚﹒\n 𓂋 𝅄 𝗈𝖼𝖾𝖺𝗇 ─ 𝖻𝗅𝗎𝖾𝖾 ~ . ݁ 𓂂ׅ ۫ ︩\n ╰╸𝖺𝖽𝗈𝗋𝖺𝖻𝗅𝖾 ˙ ∘ 𝓝-octurn 𝓢tore ៸៸ 𝅄 ୭ 𝅄\n\n ⩇⩇ 𝖽𝖺𝗒 : @hari ♡! \n ⩇⩇ 𝖽𝖺𝗍𝖾 : @bulan.@tanggal.@tahun ♡! \n\n ╭┈── 🌊 𝅄 𝓒𝖺𝗍𝖺𝗅𝗈𝗀;𝗎𝖾 କ ─┈╮|||\n ╰─┈╸\n\n ‧ ˚﹒ 🫧 𝗰𝗼𝗻𝘁𝗮𝗰𝘁 ─ 𝗼𝘄𝗻𝗲𝗿 '𝘀 ‹3\n ⤿ 085129609814─ Nocturn 𔘺𔘺 . 𐀔\n\n ( 𝗌𝗐𝖾𝖾𝗍 .. 𝓝𝗈𝗍𝖾𝖽 ৎ୭ 𝅄 ) \n 𝗢𝟭. Jangan spam ketik list, min jeda 5 detik !!\n 𝗢𝟮. Jangan toxic, apabila bot mati !!\n 𝗢𝟯. Jangan toxic, karena ada fitur kick otomatis bagi yang toxic !!",
    "text_list_simbol": "│๑ ׂ ֢"
  },
  "120363418785245040@g.us": {
    "text_welcome": "",
    "text_left": "",
    "text_open": "",
    "text_close": "",
    "text_proses": "",
    "text_done": "",
    "text_list": "",
    "text_list_simbol": ""
  },
  "120363419158296400@g.us": {
    "text_welcome": "baca desk",
    "text_left": "",
    "text_open": "",
    "text_close": "",
    "text_proses": "",
    "text_done": "",
    "text_list": "",
    "text_list_simbol": ""
  },
  "120363402154440206@g.us": {
    "text_welcome": "",
    "text_left": "",
    "text_open": "",
    "text_close": "",
    "text_proses": "",
    "text_done": "",
    "text_list": "",
    "text_list_simbol": ""
  },
  "120363394748205915@g.us": {
    "text_welcome": "ִ ࣪‧₊ ᵎᵎ 🍒 ⋅ ˚✮ ˖ ࣪ ᨰꫀᥣᥴ᥆ꩇꫀ @usertag ! ᰔ ִ ׄ",
    "text_left": "",
    "text_open": "",
    "text_close": "",
    "text_proses": "",
    "text_done": "",
    "text_list": "",
    "text_list_simbol": ""
  },
  "120363401737074064@g.us": {
    "text_welcome": "*Halo @usertag*\n📣 *Selamat Datang Di Group :* @groupname\n\n╭〢𝗌𝗒𝖺𝗋𝖺𝗍 𝖽𝖺𝗇 𝗄𝖾𝗍𝖾𝗇𝗍𝗎𝖺𝗇 𝖻𝗎𝗀\n│ 𝖮𝟣. 𝗐𝖺𝗃𝗂𝖻 𝗃𝖾𝖽𝖺 𝟣𝟢 𝗆𝖾𝗇𝗂𝗍\n│ 𝖮𝟤. 𝖻𝗈𝗍 𝖺𝗄𝗍𝗂𝖿 𝟤𝟦 𝗃𝖺𝗆\n│ 𝖮𝟥. 𝗀𝖺𝗄 𝗃𝖾𝖽𝖺, 𝖻𝖺𝗇 𝟤𝟦 𝗃𝖺𝗆\n│ 𝖮𝟦. 𝗃𝖺𝗇𝗀𝖺𝗇 𝗍𝗈𝗑𝗂𝖼\n╰╼╼╼╼╼╼╼╼╼╼╼╼╼╼╼╼╯\n\n𝖢𝖺𝗋𝖺 𝖡𝗎𝗀 :\n*.delay-invis 628xxx*\n> .delay-invis 6285658660378",
    "text_left": "",
    "text_open": "",
    "text_close": "",
    "text_proses": "",
    "text_done": "",
    "text_list": "",
    "text_list_simbol": ""
  },
  "120363024910361147@g.us": {
    "text_welcome": "",
    "text_left": "",
    "text_open": "",
    "text_close": "",
    "text_proses": "",
    "text_done": "",
    "text_list": "",
    "text_list_simbol": ""
  },
  "120363401287645319@g.us": {
    "text_welcome": "",
    "text_left": "",
    "text_open": "",
    "text_close": "",
    "text_proses": "",
    "text_done": "",
    "text_list": "",
    "text_list_simbol": ""
  },
  "120363418884756641@g.us": {
    "text_welcome": "",
    "text_left": "",
    "text_open": "",
    "text_close": "",
    "text_proses": "",
    "text_done": "",
    "text_list": "",
    "text_list_simbol": ""
  },
  "120363419692592438@g.us": {
    "text_welcome": "",
    "text_left": "",
    "text_open": "",
    "text_close": "",
    "text_proses": "",
    "text_done": "",
    "text_list": "",
    "text_list_simbol": ""
  },
  "6283857641073-1532090750@g.us": {
    "text_welcome": "",
    "text_left": "",
    "text_open": "",
    "text_close": "",
    "text_proses": "",
    "text_done": "",
    "text_list": "",
    "text_list_simbol": ""
  },
  "120363399690230088@g.us": {
    "text_welcome": "",
    "text_left": "",
    "text_open": "",
    "text_close": "",
    "text_proses": "ㅤ ㅤ 𝗁𝖠𝗒𝗒𝗂𝖾–𝖻𝗎𝖻. ↓ 𓈒 𝒞𝗎𝗍𝗂𝖾 ⌧ 𓈒\nㅤ ㅤ ㅤ𝓣𝗿𝗮𝗻𝘀𝗮𝗸𝘀𝗶 𝗽𝗲𝗻𝗱𝗶𝗻𝗴 사랑!\n    ㅤㅤ ˳ ⊹ ׁ ۪  𝆯 ┈─⃘♡⃘‌─┈ 𝆯  ۪  ׁ ⊹ ˳ ࣪\nㅤ꒰  ☁️  ꒱ ࣪ ⁞ 𝖻𝗎𝗒𝖾𝗋 : @⁨tagreply\nㅤ꒰  ☁️  ꒱ ࣪ ⁞ 𝗈𝗋𝖽𝖾𝗋 : @pesanan\nㅤ꒰  ☁️  ꒱ ࣪ ⁞ 𝖽𝖺𝗍𝖾 : @tanggal @namabulan @tahun\nㅤ꒰  ☁️  ꒱ ࣪ ⁞ 𝗍𝗂𝗆𝖾 : @jam:@menit@detik\nㅤ꒰  ☁️  ꒱ ࣪ ⁞ status : *procces!*\n    ׅ ׄ ⊱  ֵ ─ׅ─๋┈︪─ׄ─ׅ┈ ׄ ⚶  ׅ┈ׅ─︪ׄ─┈ׅ─๋─   ֵ⊰\n      *𖣁.   𝗼𝗿𝗱𝗲𝗿𝗮𝗻 𝘀𝗲𝗱𝗮𝗻𝗴 𝗱𝗶 𝗽𝗿𝗼𝘀𝗲𝘀 𝗵𝗮𝗿𝗮𝗽 𝗺𝗲𝗻𝘂𝗻𝗴𝗴𝘂, 𝗱𝗮𝗻 𝘁𝗶𝗱𝗮𝗸 𝘀𝗽𝗮𝗺 𝘆𝗮 𝘁𝗲𝗿𝗶𝗺𝗮𝗸𝗮𝘀𝗶𝗶🩰*\n    ׅ ׄ ⊱  ֵ ─ׅ─๋┈︪─ׄ─ׅ┈ ׄ ⚶  ׅ┈ׅ─︪ׄ─┈ׅ─๋─   ֵ⊰",
    "text_done": "ㅤ 𝗁𝖠𝗒𝗒𝗂𝖾–𝖻𝗎𝖻. ↓ 𓈒 𝒞𝗎𝗍𝗂𝖾 ⌧ 𓈒\nㅤㅤ𝓣𝗿𝗮𝗻𝘀𝗮𝗸𝘀𝗶 𝗯𝗲𝗿𝗵𝗮𝘀𝗶𝗹 사랑!\n    ㅤㅤ ˳ ⊹ ׁ ۪  𝆯 ┈─⃘♡⃘‌─┈ 𝆯  ۪  ׁ ⊹ ˳ ࣪\nㅤ꒰  ☁️  ꒱ ࣪ ⁞ 𝖻𝗎𝗒𝖾𝗋 : @⁨tagdiri\nㅤ꒰  ☁️  ꒱ ࣪ ⁞ 𝗈𝗋𝖽𝖾𝗋 : @pesanan\nㅤ꒰  ☁️  ꒱ ࣪ ⁞ 𝖽𝖺𝗍𝖾 : @tanggal @namabulan @tahun\nㅤ꒰  ☁️  ꒱ ࣪ ⁞ 𝗍𝗂𝗆𝖾 : @jam:@menit:@detik\nㅤ꒰  ☁️  ꒱ ࣪ ⁞ status : *success!*\n    ׅ ׄ ⊱  ֵ ─ׅ─๋┈︪─ׄ─ׅ┈ ׄ ⚶  ׅ┈ׅ─︪ׄ─┈ׅ─๋─   ֵ⊰\n      *𖣁.   𝗼𝗿𝗱𝗲𝗿𝗮𝗻 𝗺𝘂 𝘀𝘂𝗱𝗮𝗵 𝘀𝗮𝗹𝗲𝘀𝗮𝗶 𝘀𝗶𝗹𝗮𝗵𝗸𝗮𝗻 𝗰𝗲𝗸 𝗿𝗰 𝘆𝗮 𝗷𝗮𝗻𝗴𝗮𝗻 𝗹𝘂𝗽𝗮 𝘀𝘀 𝗹𝗼𝗴𝗶𝗻 𝗱𝗮𝗻 𝗶𝘀𝗶 𝗳𝗼𝗿𝗺 𝗸𝗲 𝗮𝘁𝗺𝗶𝗻 —tysm 🩰*\n    ׅ ׄ ⊱  ֵ ─ׅ─๋┈︪─ׄ─ׅ┈ ׄ ⚶  ׅ┈ׅ─︪ׄ─┈ׅ─๋─   ֵ⊰",
    "text_list": "⢠⣿⣶⣄⣠⣾⣿⣤ \n⠻⣻⣿⡟⢻⣿⣟⠋ .°𝗵𝗔𝘆𝘆𝗶𝝴 ─성˚⠟\n ⣴⣿⡟ ֺ. ⸼✿◌ 𝝰𝗹𝝴𝘅𝝰 𝘀𝘁𝗼𝗿𝗲 here!!\n ⠁⡟ ⸦⸧ menu 𝖺𝗍 𝖺𝗅𝖾𝗑𝖺!˚◌\n ㅤㅤ┄─꯭─꯭ֹ─꯭── ֹᩋ ׅ──꯭─꯭─꯭ֹ─┄\nㅤㅤㅤㅤ ㅤ @tagdiri\nㅤ ㅤ̟୨୧↷ | @hari, @tanggal, @namabulan, @tahun ࿙࿙ㅤ\n ⸼𓈀 𓈒 ♡‌ all items avail in 𝝰𝗹𝝴𝘅𝝰 𝘀𝘁𝗼𝗿𝗲 𝖺𝗋𝖾 𝗅𝗂𝗌𝗍𝖾𝖽 𝖻𝖾𝗅𝗈𝗐˖ ◌ \n\n ࣪　╭╾─ ⁺ 𐚁 ࣭ 𝓒𝗮𝘁𝗮𝗹𝗼𝗴𝘂𝗲 🕊️ . |||\n　 ‌╰ ۪ 𖤝 ׂ\n\n\n\n 𓈒🕊️◌𝒩𝗈𝗍𝖾'𝖽 𝖿𝗈𝗋 𝖻𝗎𝗒𝖾𝗋 ::\n ‎🖇 𝗍𝖺𝗇𝗒𝖺𝗄𝖺𝗇 𝗌𝗍𝗈𝗄 𝗍𝖾𝗋𝗅𝖾𝖻𝗂𝗁 𝖽𝖺𝗁𝗎𝗅𝗎 \n🖇 𝗈𝗋𝖽𝖾𝗋 𝗇𝗈 𝗋𝗎𝗌𝗁 \n🖇 𝖺𝗌𝖺𝗅 𝗍𝖿? 𝗁𝖺𝗇𝗀𝗎𝗌 \n🖇 𝗐𝖺𝗃𝗂𝖻 𝗂𝗌𝗂 𝖿𝗈𝗋𝗆 𝖺𝗀𝖺𝗋 𝗀𝖺𝗋𝖺𝗇𝗌𝗂𝖺𝗇 𝗅𝖾𝖻𝗂𝗁 𝗆𝗎𝖽𝖺𝗁 \n🖇 𝖻𝖾𝗅𝗂 𝖺𝗄𝗎𝗇 𝗌𝗁𝖺𝗋? 𝗀𝖺𝗎𝗌𝖺𝗁 𝗋𝖾𝗌𝖾𝗅𝗅!!\n *𝅄 ۪ ۫︵𑪙 ˚̣̣̣͙‿ׄ ͜͜ 𑪓‿𝆭 Happy Shopping* ٞ‿𑪓 ͜͜ ׄ‿ ˚̣̣̣͙︵𑪙۫ ۪ 𝅄",
    "text_list_simbol": "　 ‌│ ⤿ׄ 𔑘⃘  🕊️"
  },
  "120363416858431879@g.us": {
    "text_welcome": "\n⢠⣿⣶⣄⣠⣾⣿⣤ \n⠻⣻⣿⡟⢻⣿⣟⠋ .°𝗵𝗔𝘆𝘆𝗶𝝴 ─ @usertag ˚⠟\n ⣴⣿⡟ ֺ. ⸼✿◌ 𝗐𝖾𝗅𝖼𝗈𝗆𝖾 to 𝝰𝗹𝝴𝘅𝝰 𝘀𝘁𝗼𝗿𝗲!! \n ⠁⡟ ⸦⸧ 𝘂𝗻𝘁𝘂𝗸 𝗺𝗲𝗹𝗶𝗵𝗮𝘁 𝗽𝗿𝗼𝗱𝘂𝗸 𝗸𝗲𝘁𝗶𝗸 \"𝗅𝗂𝗌𝗍\"\nৎ୭｡ 𝗸𝗲𝘁𝗶𝗸 \"𝗉𝖺𝗒\" 𝘂𝗻𝘁𝘂𝗸 𝗺𝗲𝗹𝗮𝗸𝘂𝗸𝗮𝗻 𝘁𝗿𝗮𝗻𝘀𝗮𝗸𝘀𝗶\n 𓂃 ₊˚⊹♡ 𓈒𓏸 ⊹˚₊ 𓂃\n𝒩𝖮𝗍𝖾𝖽: \n𝖺𝖽𝗆 𝗍𝗂𝖽𝖺𝗄 𝗉𝖾𝗋𝗇𝗁 𝗆𝖾𝗅𝖺𝗄𝗎𝗄𝖺𝗇 𝗉𝖾𝗆𝖻𝖺𝗒𝖺𝗋𝖺𝗇 𝖽𝗂 𝗋𝖼, 𝖺𝖽𝖺? 𝗉𝖾𝗇𝗂𝗉𝗎, 𝗅𝖺𝗉𝗈𝗋𝗄𝖺𝗇 𝗄𝗉𝖽 𝖺𝖽𝗆 𝗃𝗂𝗄𝖺 𝖺𝖽𝖺 𝖼𝗎𝗅𝖻𝗎𝗒/𝗋𝗂𝗉𝗉, 𝗈𝗎𝗍?𝗀𝖺𝗋𝖺𝗇𝗌𝗂 𝗁𝖺𝗇𝗀𝗎𝗌, 𝖮𝗄𝖾𝗒𝗒 𝗌𝖾𝗆𝗈𝗀𝖺 𝖻𝖾𝗍𝖺𝗁 𝗒𝖺,",
    "text_left": "𝙩𝙖𝙩𝙖𝙩𝙖𝙖 @usertag 𝙜𝙖𝙧𝙖𝙣𝙨𝙞 𝙝𝙖𝙣𝙜𝙪𝙨 𝘆𝗮𝗮, 𝗮𝗹𝗳𝗮𝘁𝗶𝗵𝗮𝗵𝗵 𝗯𝘂𝗮𝘁 𝘆𝗮𝗻𝗴 𝗼𝘂𝘁 🤭",
    "text_open": "",
    "text_close": "",
    "text_proses": "ㅤ ㅤ 𝗁𝖠𝗒𝗒𝗂𝖾–𝖻𝗎𝖻. ↓ 𓈒 𝒞𝗎𝗍𝗂𝖾 ⌧ 𓈒\nㅤ ㅤ ㅤ𝓣𝗿𝗮𝗻𝘀𝗮𝗸𝘀𝗶 𝗽𝗲𝗻𝗱𝗶𝗻𝗴 사랑!\n    ㅤㅤ ˳ ⊹ ׁ ۪  𝆯 ┈─⃘♡⃘‌─┈ 𝆯  ۪  ׁ ⊹ ˳ ࣪\nㅤ꒰  ☁️  ꒱ ࣪ ⁞ 𝖻𝗎𝗒𝖾𝗋 : @tagreply\nㅤ꒰  ☁️  ꒱ ࣪ ⁞ 𝗈𝗋𝖽𝖾𝗋 : @pesanan\nㅤ꒰  ☁️  ꒱ ࣪ ⁞ 𝖽𝖺𝗍𝖾 : @tanggal @namabulan @tahun\nㅤ꒰  ☁️  ꒱ ࣪ ⁞ 𝗍𝗂𝗆𝖾 : @jam:@menit@detik\nㅤ꒰  ☁️  ꒱ ࣪ ⁞ status : *procces!*\n    ׅ ׄ ⊱  ֵ ─ׅ─๋┈︪─ׄ─ׅ┈ ׄ ⚶  ׅ┈ׅ─︪ׄ─┈ׅ─๋─   ֵ⊰\n      *𖣁.   𝗼𝗿𝗱𝗲𝗿𝗮𝗻 𝘀𝗲𝗱𝗮𝗻𝗴 𝗱𝗶 𝗽𝗿𝗼𝘀𝗲𝘀 𝗵𝗮𝗿𝗮𝗽 𝗺𝗲𝗻𝘂𝗻𝗴𝗴𝘂, 𝗱𝗮𝗻 𝘁𝗶𝗱𝗮𝗸 𝘀𝗽𝗮𝗺 𝘆𝗮 𝘁𝗲𝗿𝗶𝗺𝗮𝗸𝗮𝘀𝗶𝗶🩰*\n    ׅ ׄ ⊱  ֵ ─ׅ─๋┈︪─ׄ─ׅ┈ ׄ ⚶  ׅ┈ׅ─︪ׄ─┈ׅ─๋─   ֵ⊰",
    "text_done": "ㅤ 𝗁𝖠𝗒𝗒𝗂𝖾–𝖻𝗎𝖻. ↓ 𓈒 𝒞𝗎𝗍𝗂𝖾 ⌧ 𓈒\nㅤㅤ𝓣𝗿𝗮𝗻𝘀𝗮𝗸𝘀𝗶 𝗯𝗲𝗿𝗵𝗮𝘀𝗶𝗹 사랑!\n    ㅤㅤ ˳ ⊹ ׁ ۪  𝆯 ┈─⃘♡⃘‌─┈ 𝆯  ۪  ׁ ⊹ ˳ ࣪\nㅤ꒰  ☁️  ꒱ ࣪ ⁞ 𝖻𝗎𝗒𝖾𝗋 : @tagreply \nㅤ꒰  ☁️  ꒱ ࣪ ⁞ 𝗈𝗋𝖽𝖾𝗋 : @pesanan\nㅤ꒰  ☁️  ꒱ ࣪ ⁞ 𝖽𝖺𝗍𝖾 : @tanggal @namabulan @tahun\nㅤ꒰  ☁️  ꒱ ࣪ ⁞ 𝗍𝗂𝗆𝖾 : @jam:@menit:@detik\nㅤ꒰  ☁️  ꒱ ࣪ ⁞ status : *success!*\n    ׅ ׄ ⊱  ֵ ─ׅ─๋┈︪─ׄ─ׅ┈ ׄ ⚶  ׅ┈ׅ─︪ׄ─┈ׅ─๋─   ֵ⊰\n      *𖣁.   𝗼𝗿𝗱𝗲𝗿𝗮𝗻 𝗺𝘂 𝘀𝘂𝗱𝗮𝗵 𝘀𝗮𝗹𝗲𝘀𝗮𝗶 𝘀𝗶𝗹𝗮𝗵𝗸𝗮𝗻 𝗰𝗲𝗸 𝗿𝗰 𝘆𝗮 𝗷𝗮𝗻𝗴𝗮𝗻 𝗹𝘂𝗽𝗮 𝘀𝘀 𝗹𝗼𝗴𝗶𝗻 𝗱𝗮𝗻 𝗶𝘀𝗶 𝗳𝗼𝗿𝗺 𝗸𝗲 𝗮𝘁𝗺𝗶𝗻 —tysm 🩰*\n    ׅ ׄ ⊱  ֵ ─ׅ─๋┈︪─ׄ─ׅ┈ ׄ ⚶  ׅ┈ׅ─︪ׄ─┈ׅ─๋─   ֵ⊰",
    "text_list": "⢠⣿⣶⣄⣠⣾⣿⣤ \n⠻⣻⣿⡟⢻⣿⣟⠋ .°𝗵𝗔𝘆𝘆𝗶𝝴 ─성˚⠟\n ⣴⣿⡟ ֺ. ⸼✿◌ 𝝰𝗹𝝴𝘅𝝰 𝘀𝘁𝗼𝗿𝗲 here!!\n ⠁⡟ ⸦⸧ menu 𝖺𝗍 𝖺𝗅𝖾𝗑𝖺!˚◌\n ㅤㅤ┄─꯭─꯭ֹ─꯭── ֹᩋ ׅ──꯭─꯭─꯭ֹ─┄\nㅤㅤㅤㅤ ㅤ @tagdiri\nㅤ ㅤ̟୨୧↷ | @hari, @tanggal, @namabulan, @tahun ࿙࿙ㅤ\n ⸼𓈀 𓈒 ♡‌ all items avail in 𝝰𝗹𝝴𝘅𝝰 𝘀𝘁𝗼𝗿𝗲 𝖺𝗋𝖾 𝗅𝗂𝗌𝗍𝖾𝖽 𝖻𝖾𝗅𝗈𝗐˖ ◌ \n\n ࣪　╭╾─ ⁺ 𐚁 ࣭ 𝓒𝗮𝘁𝗮𝗹𝗼𝗴𝘂𝗲 🕊️ . |||\n　 ‌╰ ۪ 𖤝 ׂ\n\n\n\n 𓈒🕊️◌𝒩𝗈𝗍𝖾'𝖽 𝖿𝗈𝗋 𝖻𝗎𝗒𝖾𝗋 ::\n ‎🖇 𝗍𝖺𝗇𝗒𝖺𝗄𝖺𝗇 𝗌𝗍𝗈𝗄 𝗍𝖾𝗋𝗅𝖾𝖻𝗂𝗁 𝖽𝖺𝗁𝗎𝗅𝗎 \n🖇 𝗈𝗋𝖽𝖾𝗋 𝗇𝗈 𝗋𝗎𝗌𝗁 \n🖇 𝖺𝗌𝖺𝗅 𝗍𝖿? 𝗁𝖺𝗇𝗀𝗎𝗌 \n🖇 𝗐𝖺𝗃𝗂𝖻 𝗂𝗌𝗂 𝖿𝗈𝗋𝗆 𝖺𝗀𝖺𝗋 𝗀𝖺𝗋𝖺𝗇𝗌𝗂𝖺𝗇 𝗅𝖾𝖻𝗂𝗁 𝗆𝗎𝖽𝖺𝗁 \n🖇 𝖻𝖾𝗅𝗂 𝖺𝗄𝗎𝗇 𝗌𝗁𝖺𝗋? 𝗀𝖺𝗎𝗌𝖺𝗁 𝗋𝖾𝗌𝖾𝗅𝗅!!\nׄ ⏝𝆹𝅥 ִ͝ ︶ 𝗁𝖺𝗉𝗉𝗒 𝗌𝗁𝗈𝗉𝗉𝗂𝗇𝗀 ︶ ִ͝ 𝆹𝅥⏝",
    "text_list_simbol": "　 ‌│ ⤿ׄ 𔑘⃘  🕊️"
  },
  "120363399584374334@g.us": {
    "text_welcome": "",
    "text_left": "",
    "text_open": "",
    "text_close": "",
    "text_proses": "",
    "text_done": "",
    "text_list": "",
    "text_list_simbol": ""
  },
  "120363419052696231@g.us": {
    "text_welcome": "",
    "text_left": "",
    "text_open": "",
    "text_close": "",
    "text_proses": "",
    "text_done": "",
    "text_list": "",
    "text_list_simbol": ""
  },
  "120363406815140881@g.us": {
    "text_welcome": "",
    "text_left": "",
    "text_open": "",
    "text_close": "",
    "text_proses": "",
    "text_done": "",
    "text_list": "",
    "text_list_simbol": ""
  },
  "120363420376211966@g.us": {
    "text_welcome": "",
    "text_left": "",
    "text_open": "",
    "text_close": "",
    "text_proses": "",
    "text_done": "",
    "text_list": "",
    "text_list_simbol": ""
  },
  "120363420733037939@g.us": {
    "text_welcome": "",
    "text_left": "",
    "text_open": "",
    "text_close": "",
    "text_proses": "",
    "text_done": "",
    "text_list": "",
    "text_list_simbol": ""
  },
  "120363419533218392@g.us": {
    "text_welcome": "",
    "text_left": "",
    "text_open": "",
    "text_close": "",
    "text_proses": "",
    "text_done": "",
    "text_list": "",
    "text_list_simbol": ""
  },
  "120363419342201618@g.us": {
    "text_welcome": "",
    "text_left": "",
    "text_open": "",
    "text_close": "",
    "text_proses": "",
    "text_done": "",
    "text_list": "",
    "text_list_simbol": ""
  },
  "120363419250074050@g.us": {
    "text_welcome": ". ׁ ₍ 𝘄𝗲𝗹𝗰𝗼𝗺𝗲 ₎ Seina Store 𖥔 ˓˓    \n 🍒 ֶָ֢֪︶‌⏝ 𝗁𝖺𝗉𝗉𝗒 𝗃𝗈𝗂𝗇 𝗁𝖾𝗋𝖾\n 𝗋𝖾𝖺𝖽 𝗂𝗇𝖿𝗈𝗋𝗆 𝗂𝗇 𝖻𝖾𝗅𝗅𝗈𝗐 𝖽𝖾𝖺𝗋 \n ╭────── ' ︶︶︶︶︶︶ ' \n ╰ ⸼ 사랑스 ╯ 🥛 : 🍒 : 🥛\nㅤ ╭𖹭\n ││ ׄ ֵ 𝗄𝖾𝗍𝗂𝗄 '𝗹𝗶𝘀𝘁' 𝖿𝗈𝗋 𝗌𝖾𝖾 𝗆𝖾𝗇𝗎 \n ││ ׄ ֵ 𝗄𝖾𝗍𝗂𝗄 '𝗽𝗮𝘆' 𝖿𝗈𝗋 𝗉𝖺𝗒𝗆𝖾𝗇𝗍\n ││ ׄ ֵ 𝗈𝗋𝖽𝖾𝗋? 𝖼𝗈𝗇𝗍𝖺𝖼𝗍 𝗮𝗱𝗺𝗶𝗻 \n ╰─────────────────𖹭",
    "text_left": "ׁ ₍ 𝗯𝘆𝗲 𝗯𝘆𝗲 ₎ Seina Store 𖥔 ˓˓    \n 🍒 ֶָ֢֪︶‌⏝ 𝗌𝖾𝖾 𝗎 𝖿𝗋𝗈𝗆 𝗁𝖾𝗋𝖾\n 𝗋𝖾𝖺𝖽 𝗂𝗇𝖿𝗈𝗋𝗆 𝗂𝗇 𝖻𝖾𝗅𝗅𝗈𝗐 𝖽𝖾𝖺𝗋 \n ╭────── ' ︶︶︶︶︶︶ ' \n ╰ ⸼ 사랑스 ╯ 🥛 : 🍒 : 🥛\nㅤ ╭𖹭\n ││ ׄ ֵ 𝖺𝗅𝗅 𝗀𝖺𝗋𝖺𝗇𝗌𝗂 𝗁𝖺𝗇𝗀𝗎𝗌 \n ││ ׄ ֵ 𝗉𝗋𝖾 𝗈𝗋𝖽𝖾𝗋? 𝗁𝖺𝗇𝗀𝗎𝗌 \n ││ ׄ ֵ 𝗍𝖾𝗋𝗂𝗆𝖺 𝗄𝗈𝗇𝗌𝖾𝗄𝗎𝖾𝗇𝗌𝗂\n ╰─────────────────𖹭",
    "text_open": "ׁ ₍ 𝗼𝗽𝗲𝗻𝗲𝗱 ₎ Seina S𝗍𝗈𝗋𝖾 𖥔 ˓˓    \n 🍒 ֶָ֢֪︶‌⏝ 𝗁𝖺𝗉𝗉𝗒 𝗌𝗁𝗈𝗉𝗂𝗇𝗀 ! \n 𝗋𝖾𝖺𝖽 𝗂𝗇𝖿𝗈𝗋𝗆 𝗂𝗇 𝖻𝖾𝗅𝗅𝗈𝗐 𝖽𝖾𝖺𝗋 \n ╭────── ' ︶︶︶︶︶︶ ' \n ╰ ⸼ 사랑스 ╯ 🥛 : 🍒 : 🥛\nㅤ ╭𖹭\n ││ ׄ ֵ 𝗄𝖾𝗍𝗂𝗄 '𝗹𝗶𝘀𝘁' 𝖿𝗈𝗋 𝗌𝖾𝖾 𝗆𝖾𝗇𝗎 \n ││ ׄ ֵ 𝗄𝖾𝗍𝗂𝗄 '𝗽𝗮𝘆' 𝖿𝗈𝗋 𝗉𝖺𝗒𝗆𝖾𝗇𝗍\n ││ ׄ ֵ 𝗈𝗋𝖽𝖾𝗋? 𝖼𝗈𝗇𝗍𝖺𝖼𝗍 𝗮𝗱𝗺𝗶𝗻 \n ││ ׄ ֵ 𝗐𝖺𝗃𝗂𝖻 𝖼𝗁𝖾𝖼𝗄 𝗌𝗍𝗈𝖼𝗄 𝖽𝗎𝗅𝗎\n ╰─────────────────𖹭",
    "text_close": "ׁ ₍ 𝗰𝗹𝗼𝘀𝗲𝗱 ₎ Seina Store 𖥔 ˓˓    \n 🍒 ֶָ֢֪︶‌⏝ 𝗁𝖺𝗉𝗉𝗒 𝗋𝖾𝗌𝗍 𝖺𝗅𝗅 ! \n 𝗋𝖾𝖺𝖽 𝗂𝗇𝖿𝗈𝗋𝗆 𝗂𝗇 𝖻𝖾𝗅𝗅𝗈𝗐 𝖽𝖾𝖺𝗋 \n ╭────── ' ︶︶︶︶︶︶ ' \n ╰ ⸼ 사랑스 ╯ 🥛 : 🍒 : 🥛\nㅤ ╭𖹭\n ││ ׄ ֵ 𝗌𝖾𝖾 𝗎 𝗇𝖾𝗑𝗍 𝗈𝗉𝖾𝗇\n ││ ׄ ֵ 𝗍𝗁𝖺𝗇𝗄 𝗎 𝖿𝗈𝗋 𝗍𝗈𝖽𝖺𝗒 \n ││ ׄ ֵ 𝗈𝗋𝖽𝖾𝗋? 𝖼𝗈𝗇𝗍𝖺𝖼𝗍 𝗮𝗱𝗺𝗶𝗻 \n ╰─────────────────𖹭",
    "text_proses": "ׁ ₍ 𝗽𝗿𝗼𝗰𝗲𝘀𝘀 ₎ Seina S𝗍𝗈𝗋𝖾 𖥔 ˓˓    \n 🍒 ֶָ֢֪︶‌⏝ 𝗍𝗁𝖺𝗇𝗄 𝗎 𝖿𝗈𝗋 𝗈𝗋𝖽𝖾𝗋\n 𝗋𝖾𝖺𝖽 𝗂𝗇𝖿𝗈𝗋𝗆 𝗂𝗇 𝖻𝖾𝗅𝗅𝗈𝗐 𝖽𝖾𝖺𝗋 \n ╭────── ' ︶︶︶︶︶︶ ' \n ╰ ⸼ 사랑스 ╯ 🥛 : 🍒 : 🥛\nㅤ ╭𖹭\n ││ ׄ ֵ 𝗈𝗋𝖽𝖾𝗋𝖺𝗇 𝗈𝗇 𝗉𝗋𝗈𝗌𝖾𝗌𝗌\n ││ ׄ ֵ 𝗆𝗈𝗁𝗈𝗇 𝗍𝗎𝗇𝗀𝗀𝗎 . . . \n ││ ׄ ֵ 𝗇𝗈 𝗌𝗉𝖺𝗆 𝗌𝗉𝖺𝗆 𝖺𝖽𝗆𝗂𝗇\n ╰─────────────────𖹭",
    "text_done": "ׁ ₍ 𝗮𝗹𝗹 𝗱𝗼𝗻𝗲 ₎ Seina S𝗍𝗈𝗋𝖾 𖥔 ˓˓    \n 🍒 ֶָ֢֪︶‌⏝ 𝗍𝗁𝖺𝗇𝗄 𝗎 𝖻𝗎𝗒𝖾𝗋𝗌 \n 𝗋𝖾𝖺𝖽 𝗂𝗇𝖿𝗈𝗋𝗆 𝗂𝗇 𝖻𝖾𝗅𝗅𝗈𝗐 𝖽𝖾𝖺𝗋 \n ╭────── ' ︶︶︶︶︶︶ ' \n ╰ ⸼ 사랑스 ╯ 🥛 : 🍒 : 🥛\nㅤ ╭𖹭\n ││ ׄ ֵ 𝗈𝗋𝖽𝖾𝗋𝖺𝗇 𝗌𝖾𝗅𝖾𝗌𝖺𝗂 \n ││ ׄ ֵ 𝖼𝗁𝖾𝖼𝗄 𝖺𝗇𝖽 𝗌𝖾𝗇𝖽 𝗉𝗋𝗈𝗈𝖿 \n ││ ׄ ֵ 𝗍𝗁𝖺𝗇𝗄 𝗎 𝗌𝗈 𝗆𝗎𝖼𝗁 \n ╰─────────────────𖹭",
    "text_list": "",
    "text_list_simbol": ""
  },
  "120363379494959951@g.us": {
    "text_welcome": "₊˚⊹ 🐉 @usertag 🍃 ꒱\n ★ ! 222 · 𝑾𝑒𝑙𝑐𝑜𝑚𝑒 𝒕𝑜 𝑴𝑖𝑘𝑢 𝑺𝑡𝑜𝑟𝑒 희망 \n\n — 🎋 !! 𝖲𝗂𝗅𝖺𝗁𝗄𝖺𝗇 𝗆𝖾𝗆𝖻𝖺𝖼𝖺 𝗋𝗎𝗅𝖾𝗌 𝖽𝗂 𝖽𝖾𝗌𝗄𝗋𝗂𝗉𝗌𝗂, 𝖽𝖺𝗇 𝗄𝖾𝗍𝗂𝗄 𝗹𝗶𝘀𝘁 𝗎𝗇𝗍𝗎𝗄 𝗆𝖾𝗅𝗂𝗁𝖺𝗍 𝗉𝗋𝗈𝖽𝗎𝗄﹒ >﹏\n ──★ ˙ ̟ 𝑯𝒂𝒗𝒆 𝒂 𝑮𝒐𝒐𝒅 𝑫𝒂𝒚 𝒂𝒏𝒅 𝑯𝒂𝒑𝒑𝒚 𝑺𝒉𝒐𝒑𝒑𝒊𝒏𝒈 !! <𝟑",
    "text_left": "",
    "text_open": "",
    "text_close": "",
    "text_proses": "",
    "text_done": "",
    "text_list": "",
    "text_list_simbol": ""
  },
  "120363402330448703@g.us": {
    "text_welcome": "",
    "text_left": "",
    "text_open": "",
    "text_close": "",
    "text_proses": "",
    "text_done": "",
    "text_list": "",
    "text_list_simbol": ""
  },
  "120363400332648431@g.us": {
    "text_welcome": "",
    "text_left": "",
    "text_open": "",
    "text_close": "",
    "text_proses": "",
    "text_done": "",
    "text_list": "",
    "text_list_simbol": ""
  },
  "120363420676075739@g.us": {
    "text_welcome": "",
    "text_left": "",
    "text_open": "",
    "text_close": "",
    "text_proses": "",
    "text_done": "",
    "text_list": "",
    "text_list_simbol": ""
  },
  "120363401520005226@g.us": {
    "text_welcome": "ׄ ㅤㅤ.⡠⠊⠉⢆\n⡠⠔⠲⠤⢄⡤⡞⡠⡀   ⢸⣱ ׄ ʚɞ 𝖽𝖾𝗅𝗂𝖼𝖺𝗍𝖾 ⤾\n⢣..ㅤ⠰⡀⢧⢱⣀⣁   ⢀⡹ ꯱𝗐𝖾𝖾𝗍 〡𝓒𝗎𝗍𝗍𝗂𝖾'𝗌\n⢣⡇ㅤ⢀⣰⠏⠉ ⠑⠫⠥⠃\n ⠘⢶⣫⠎ ── 𝗁𝗂 𝗐𝖾𝗅𝖼𝗈𝗆𝖾! @usertag\n ⸼ ꒰ 🍒 ꒱ 𝗃𝗈𝗂𝗇𝖾𝖽 𝗈𝗎𝗋 𝗌𝗁𝗈𝗉 ˖ *Flity'Store* 𝖺𝗍\n𝗒𝗈𝗎𝗋 𝗌𝖾𝗋𝗏𝗂𝖼𝖾 ⤾\n\n ୨ৎ 𝗄𝖾𝗍𝗂𝗄 *𝗅𝗂𝗌𝗍* 𝗎𝗇𝗍𝗎𝗄 𝖺𝗅𝗅 𝗉𝗋𝗈𝖽𝗎𝗄\n ୨ৎ 𝗄𝖾𝗍𝗂𝗄 *pay* 𝗎𝗇𝗍𝗎𝗄 payment\n ୨ৎ 𝖻𝖺𝖼𝖺 𝗋𝗎𝗅𝖾𝗌 𝖽𝗂 𝖽𝖾𝗌𝗄𝗋𝗂𝗉𝗌𝗂 𝗀𝗋𝗎𝗉\n ୨ৎ 𝗍𝖺𝗇𝗒𝖺𝗄𝖺𝗇 𝗌𝗍𝗈𝗄 𝗌𝖾𝖻𝖾𝗅𝗎𝗆 𝗈𝗋𝖽𝖾𝗋\n\n 𝖼𝗈𝗇𝗍𝖺𝖼𝗍 ── 𝗈𝗐𝗇𝖾𝗋\n .. ⤿ +62 822-8904-5438 ⤾ ..",
    "text_left": "@usertag *just left?*\n🖇️ garansi hangus\n🖇️ no complain\n🖇️ ga usah keluar masuk (langgar? kick + block)",
    "text_open": "",
    "text_close": "",
    "text_proses": "",
    "text_done": "",
    "text_list": "",
    "text_list_simbol": ""
  },
  "120363402462309182@g.us": {
    "text_welcome": "",
    "text_left": "",
    "text_open": "",
    "text_close": "",
    "text_proses": "꒰ ׂ 𝘱𝘦𝘴𝘢𝘯𝘢𝘯 𝘥𝘪 𝘱𝘳𝘰𝘴𝘦𝘴 𝘣𝘶𝘣 ࣪𓈒 내 남자친구 \n\n 🧁 ִ 𐔌 ⑅ ׄ 𝐚𝐝𝐨𝐫𝐚𝐛𝐥𝐞 𝐈𝐧𝐭𝐚𝐚𝐧 𝐬𝐭𝐨𝐫𝐞 사 .\n\nㅤㅤ𝅄 ׄ 𔖭𔖮 ׅ ׄ ׅ ꎂ ꎂ ׄ ׅ ۫ ׅ ꒱ ꒰ ׄ \nㅤㅤ ׅ ׄ ۪ ૮꒰៶៶> ᴗ <៶៶꒱𑇖 ׅ 🧺 ׄ ˓˓\n\nㅤㅤ ׄ ׅ ꣑ৎ ࣪ 𓈒 𝘪𝘵𝘦𝘮 ⵓ ⊰ ִ\nㅤㅤ ׄ ׅ ꣑ৎ ࣪ 𓈒 𝘵𝘪𝘮𝘦 ⵓ Monday - 09:53 𝘞𝘐𝘉 ⊰ ִ\nㅤㅤ ׄ ׅ ꣑ৎ ࣪ 𓈒 𝘴𝘵𝘢𝘵𝘶𝘴 ⵓ 𝘗𝘳𝘰𝘴𝘦𝘴 ⊰ ִ\n\nִִ ۫ ꢾꣁ ִ 🥞 자친 𝘸𝘢𝘪𝘵 𝘺𝘢𝘸 𝘣𝘶𝘣𝘣 ׄ ⸼ \nִִ ۫ ꢾꣁ ִ 🥞 자친 𝘸𝘢𝘪𝘵𝘪𝘯𝘨 𝘶𝘳 𝘰𝘳𝘥𝘦𝘳 𝘥𝘰𝘯𝘦 - ! \n\nㅤㅤ ׄ 𝅄 ┈────┈ 🥞🎀 ┈────┈ ׄ 𝅄",
    "text_done": "꒰ ׂ 𝘺𝘦𝘢𝘺 𝘱𝘦𝘴𝘢𝘯𝘢𝘯 𝘴𝘦𝘭𝘦𝘴𝘢𝘪 𝘣𝘶𝘣 ࣪𓈒 내 남자친구 \n\n 🧁 ִ 𐔌 ⑅ ׄ 𝐚𝐝𝐨𝐫𝐚𝐛𝐥𝐞 𝐈𝐧𝐭𝐚𝐚𝐧 𝐬𝐭𝐨𝐫𝐞 사 .\n\nㅤㅤ𝅄 ׄ 𔖭𔖮 ׅ ׄ ׅ ꎂ ꎂ ׄ ׅ ۫ ׅ ꒱ ꒰ ׄ \nㅤㅤ ׅ ׄ ۪ ૮꒰៶៶> ᴗ <៶៶꒱𑇖 ׅ 🧺 ׄ ˓˓\n\nㅤㅤ ׄ ׅ ꣑ৎ ࣪ 𓈒 𝘪𝘵𝘦𝘮 ⵓ ⊰ ִ\nㅤㅤ ׄ ׅ ꣑ৎ ࣪ 𓈒 𝘵𝘪𝘮𝘦 ⵓ Monday - 16:32 𝘞𝘐𝘉 ⊰ ִ\nㅤㅤ ׄ ׅ ꣑ৎ ࣪ 𓈒 𝘴𝘵𝘢𝘵𝘶𝘴 ⵓ 𝘋𝘰𝘯𝘦 ⊰ ִ\n\nִִ ۫ ꢾꣁ ִ 🥞 자친 𝘵𝘩𝘢𝘯𝘬𝘴 𝘧𝘰𝘳 𝘶𝘳 𝘰𝘳𝘥𝘦𝘳 ׄ ⸼ \nִִ ۫ ꢾꣁ ִ 🥞 자친 𝘫𝘢𝘫𝘢𝘯 𝘭𝘢𝘨𝘪 𝘺𝘢𝘸 𝘣𝘶𝘣 - ! \n\nㅤㅤ ׄ 𝅄 ┈────┈ 🥞🎀 ┈────┈ ׄ 𝅄",
    "text_list": "",
    "text_list_simbol": ""
  },
  "120363322438096714@g.us": {
    "text_welcome": "",
    "text_left": "",
    "text_open": "",
    "text_close": "",
    "text_proses": "✱ *𝖳𝖱𝖠𝖭𝖲𝖠𝖪𝖲𝖨 𝖲𝖤𝖣𝖠𝖭𝖦 𝖯𝖱𝖮𝖲𝖤𝖲* \n\n ꒰ 🕷 ꒱ 𝖽𝖾𝗍𝖺𝗂𝗅 𝗈𝗋𝖽𝖾𝗋 !\n━━━━━━━━━━━━━━━━\n- 𝗍𝖺𝗇𝗀𝗀𝖺𝗅 : @tanggal\n- 𝗐𝖺𝗄𝗍𝗎 : @jam\n- 𝗉𝖾𝗆𝖾𝗌𝖺𝗇 : @tagreply \n\n       ⸦︎⸧︎⸼ˑ ִ  𝗇𝗈𝗍𝖾𝖽 𝗁𝖾𝗋𝖾 !\n♞⤿ׄ 𝗉𝖾𝗌𝖺𝗇𝖺𝗇 𝖺𝗇𝖽𝖺 𝗌𝖾𝖽𝖺𝗇𝗀 𝖽𝖺𝗅𝖺𝗆 𝗉𝗋𝗈𝗌𝖾𝗌. 𝗆𝗈𝗁𝗈𝗇 𝗆𝖾𝗇𝗎𝗇𝗀𝗀𝗎 𝗂𝗇𝖿𝗈𝗋𝗆𝖺𝗌𝗂 𝗌𝖾𝗅𝖺𝗇𝗃𝗎𝗍𝗇𝗒𝖺.\n> @tagdiri",
    "text_done": "✱ *𝖳𝖱𝖠𝖭𝖲𝖠𝖪𝖲𝖨 𝖡𝖤𝖱𝖧𝖠𝖲𝖨𝖫* \n\n ꒰ 🕷 ꒱ 𝖽𝖾𝗍𝖺𝗂𝗅 𝗈𝗋𝖽𝖾𝗋 !\n━━━━━━━━━━━━━━━━\n- 𝗍𝖺𝗇𝗀𝗀𝖺𝗅 : @tanggal\n- 𝗐𝖺𝗄𝗍𝗎 : @jam\n- 𝗉𝖾𝗆𝖾𝗌𝖺𝗇 : @tagreply\n\n       ⸦︎⸧︎⸼ˑ ִ  𝗇𝗈𝗍𝖾𝖽 𝗁𝖾𝗋𝖾 !\n♞⤿ׄ 𝗍𝗁𝖺𝗇𝗄 𝗎 𝗍𝖾𝗅𝖺𝗁 𝗆𝖾𝗇𝗀𝗀𝗎𝗇𝖺𝗄𝖺𝗇 𝗅𝖺𝗒𝖺𝗇𝖺𝗇 𝗄𝖺𝗆𝗂 !.\n> @groupname",
    "text_list": "",
    "text_list_simbol": ""
  },
  "120363422883893610@g.us": {
    "text_welcome": "",
    "text_left": "",
    "text_open": "",
    "text_close": "",
    "text_proses": "",
    "text_done": "",
    "text_list": "",
    "text_list_simbol": ""
  },
  "120363028664264668@g.us": {
    "text_welcome": "",
    "text_left": "",
    "text_open": "",
    "text_close": "",
    "text_proses": "",
    "text_done": "",
    "text_list": "",
    "text_list_simbol": ""
  },
  "120363421414575624@g.us": {
    "text_welcome": "",
    "text_left": "",
    "text_open": "",
    "text_close": "",
    "text_proses": "",
    "text_done": "",
    "text_list": "",
    "text_list_simbol": ""
  }
}